CO2SM.Pressure,CO2SM.Temperature,CO2SM.CO2_Enthalpy,CO2SM.CO2_Entropy,CO2SM.Enthalpy,CO2SM.Entropy,CO2SM.status,graph.error
13.44352,853.1312,-368176.883626,8.552332,-87996.3871,2.044056,0,0
31.863708,909.520515,-365486.064526,4.127018,-87353.2659,0.986381,0,0
21.132666,713.351479,-376015.521854,-5.327858,-89869.8666,-1.273389,0,0
21.981615,809.477728,-370818.552442,1.169161,-88627.7611,0.279436,0,0
18.081246,960.589169,-362401.453621,12.388151,-86616.0262,2.960839,0,0
16.411093,622.409936,-380610.848384,-10.110284,-90968.176,-2.416416,0,0
25.2327,988.23463,-360964.852117,10.959979,-86272.6702,2.619498,0,0
27.432593,881.338355,-366986.624327,3.776188,-87711.9083,0.902531,0,0
34.305683,679.214229,-378468.856697,-12.986071,-90456.2277,-3.103745,0,0
28.446215,625.267485,-381232.605846,-15.637125,-91116.7796,-3.737363,0,0
30.619529,852.199657,-368678.674512,0.855035,-88116.318,0.204358,0,0
19.000651,615.739816,-381153.98221,-12.186798,-91097.9881,-2.912715,0,0
26.887084,659.826135,-379222.914331,-12.03638,-90636.4518,-2.876764,0,0
26.228195,391.573477,-396212.842546,-45.581213,-94697.1421,-10.894171,0,0
8.467659,900.441885,-365472.191637,15.550664,-87349.9502,3.716698,0,0
23.68805,725.244485,-375481.953907,-5.555424,-89742.3408,-1.327778,0,0
34.827632,804.448372,-371445.681742,-3.628105,-88777.6486,-0.867138,0,0
28.653475,333.459323,-401829.346659,-61.538785,-96039.5188,-14.708123,0,0
9.236397,953.906869,-362588.612727,17.927201,-86660.7583,4.284704,0,0
28.842103,943.129329,-363550.526461,7.101884,-86890.6612,1.697391,0,0
24.53894,500.291231,-388148.987548,-26.817481,-92769.8345,-6.409532,0,0
22.777192,762.207863,-373428.569298,-2.458663,-89251.5701,-0.587635,0,0
20.033888,886.820723,-366520.16774,7.041187,-87600.4225,1.682884,0,0
19.945264,750.744246,-373940.661192,-2.002221,-89373.963,-0.478542,0,0
23.354002,612.793767,-381615.096248,-14.626357,-91208.197,-3.495783,0,0
17.152542,826.393732,-369742.892066,4.611709,-88370.6721,1.102225,0,0
28.364757,892.344583,-366390.25454,4.15444,-87569.3725,0.992935,0,0
21.459154,362.734916,-398218.321192,-49.8939,-95176.463,-11.924928,0,0
29.358999,532.822879,-386631.478362,-25.245048,-92407.1411,-6.033711,0,0
21.511837,369.286439,-397537.119968,-48.044051,-95013.652,-11.482804,0,0
27.754896,476.346696,-390009.744144,-31.530595,-93214.566,-7.535993,0,0
19.051515,708.950945,-376153.265829,-4.646431,-89902.7882,-1.110524,0,0
30.768393,606.689961,-382416.143131,-18.21038,-91399.6518,-4.352385,0,0
9.444376,771.555136,-372372.90635,6.363623,-88999.2606,1.520942,0,0
17.670835,931.771082,-363988.922215,10.908292,-86995.4403,2.607144,0,0
33.351639,913.027856,-365310.433594,3.912229,-87311.2891,0.935045,0,0
26.285926,395.060783,-395912.099555,-44.828798,-94625.2628,-10.71434,0,0
22.076534,525.712982,-386389.585423,-22.585543,-92349.3273,-5.398074,0,0
32.051277,569.52097,-384645.310969,-22.337639,-91932.4357,-5.338824,0,0
14.256305,387.722816,-393746.861982,-35.851969,-94107.7586,-8.568826,0,0
11.910541,726.364791,-374866.125173,1.08939,-89595.1542,0.260371,0,0
18.474317,834.917853,-369321.131478,4.484236,-88269.8689,1.071758,0,0
24.118406,868.131328,-367648.332295,4.146205,-87870.0603,0.990967,0,0
15.388391,896.529285,-365872.971558,10.034334,-87445.7389,2.398263,0,0
30.95801,483.214719,-389881.845122,-32.054476,-93183.9974,-7.661204,0,0
28.888576,848.93149,-368823.555972,1.197846,-88150.9455,0.286292,0,0
29.288496,687.750547,-377785.263062,-10.628153,-90292.8449,-2.540189,0,0
12.030912,559.214461,-383541.019899,-12.560736,-91668.5038,-3.002088,0,0
34.140854,461.882669,-391622.586188,-36.444786,-93600.0445,-8.710513,0,0
33.701832,972.875934,-361927.961638,7.406759,-86502.8589,1.770258,0,0
17.799561,630.413556,-380283.385114,-10.253956,-90889.9104,-2.450754,0,0
13.164167,321.582578,-401510.0288,-57.799003,-95963.2,-13.814293,0,0
10.069857,612.024779,-380656.33474,-6.189611,-90979.0475,-1.479353,0,0
11.422806,863.645964,-367545.804212,10.669253,-87845.5555,2.550013,0,0
18.587709,578.663429,-383121.948367,-15.305147,-91568.3433,-3.658018,0,0
9.682444,839.585366,-368778.382161,10.618477,-88140.1487,2.537877,0,0
26.797611,311.202471,-403763.170539,-67.245549,-96501.7138,-16.072072,0,0
23.822747,629.988396,-380698.556321,-13.314962,-90989.1387,-3.182352,0,0
18.268849,788.988459,-371807.319925,1.517171,-88864.0822,0.362613,0,0
32.972168,557.426017,-385420.8229,-23.942784,-92117.7875,-5.722463,0,0
31.298404,442.932555,-392711.563818,-38.250819,-93860.3164,-9.142165,0,0
18.382364,894.32233,-366067.955581,8.290956,-87492.3412,1.981586,0,0
11.938456,503.219602,-386437.821922,-17.958909,-92360.8561,-4.292282,0,0
31.798796,676.194752,-378537.498982,-12.434798,-90472.6336,-2.971988,0,0
28.950494,743.083426,-374702.05296,-6.216304,-89555.94,-1.485732,0,0
8.852187,609.147843,-380699.815705,-5.206713,-90989.4397,-1.244434,0,0
27.66127,434.506271,-392913.52759,-37.894174,-93908.5869,-9.056925,0,0
17.567363,930.234164,-364071.616046,10.870053,-87015.2046,2.598005,0,0
31.818634,702.911926,-377041.555388,-10.27043,-90115.0945,-2.454692,0,0
33.809431,857.996179,-368416.723477,0.281436,-88053.7102,0.067265,0,0
14.039545,417.314995,-391643.599073,-30.521747,-93605.0667,-7.294873,0,0
33.432327,594.837734,-383248.765407,-20.284097,-91598.6533,-4.848015,0,0
34.50245,365.407994,-399283.396466,-55.191969,-95431.0221,-13.191197,0,0
11.742964,997.272875,-360255.753654,18.280312,-86103.1916,4.369099,0,0
23.380061,920.181145,-364744.408686,7.665815,-87176.0059,1.832174,0,0
20.288838,862.224798,-367879.037637,5.378084,-87925.2002,1.285393,0,0
33.538537,724.743133,-375879.91172,-9.100124,-89837.455,-2.174982,0,0
24.973062,456.305843,-391010.06365,-32.934347,-93453.6481,-7.871498,0,0
22.234362,825.317975,-369958.279366,2.123048,-88422.1509,0.507421,0,0
34.733335,589.701436,-383619.89081,-21.226914,-91687.3544,-5.073354,0,0
9.113695,815.678702,-370029.443766,9.616512,-88439.1596,2.298402,0,0
31.736211,537.949094,-386505.043322,-25.618553,-92376.9224,-6.122981,0,0
13.609015,978.14041,-361347.499418,15.916287,-86364.1251,3.804084,0,0
21.380487,934.344766,-363919.343132,9.334211,-86978.8105,2.23093,0,0
24.461223,319.142051,-402975.15305,-64.372784,-96313.3731,-15.385465,0,0
28.083572,485.315876,-389461.574874,-30.475627,-93083.5504,-7.28385,0,0
30.021499,855.703401,-368470.343947,1.273246,-88066.5258,0.304313,0,0
20.947317,699.009409,-376782.563696,-6.339681,-90053.194,-1.51522,0,0
28.594203,445.992395,-392187.557147,-36.464348,-93735.0758,-8.715188,0,0
29.60851,779.026116,-372729.411602,-3.819362,-89084.4674,-0.91285,0,0
25.886384,382.910108,-396951.852843,-47.418831,-94873.7698,-11.333373,0,0
23.573651,829.161273,-369785.308622,1.826208,-88380.8099,0.436474,0,0
14.82301,559.659709,-383796.376114,-14.682101,-91729.5354,-3.509106,0,0
11.988492,327.577525,-399776.644042,-52.193276,-95548.9111,-12.474492,0,0
33.137941,732.76789,-375417.159228,-8.360202,-89726.8545,-1.998136,0,0
13.476361,657.96859,-378537.323673,-5.247466,-90472.5917,-1.254174,0,0
18.765359,548.24073,-384796.126178,-18.352965,-91968.4814,-4.386464,0,0
32.592005,877.054757,-367323.708706,1.868293,-87792.4734,0.446533,0,0
21.045099,583.202736,-383075.48965,-16.223026,-91557.2394,-3.877396,0,0
32.773045,495.650868,-389229.688807,-31.14356,-93028.1283,-7.443489,0,0
9.417141,379.228412,-392772.07701,-30.734764,-93874.7794,-7.345785,0,0
32.499107,819.460727,-370550.769748,-1.91207,-88563.7595,-0.456996,0,0
33.91278,390.551226,-397107.489694,-49.333259,-94910.9679,-11.790932,0,0
31.613015,785.104895,-372447.923378,-4.033271,-89017.1901,-0.963975,0,0
28.216249,467.262605,-390664.307932,-33.035316,-93371.0105,-7.89563,0,0
26.296054,554.499923,-385108.947122,-21.578305,-92043.2474,-5.157339,0,0
27.814505,794.568678,-371815.154883,-2.112026,-88865.9548,-0.504786,0,0
12.53406,692.268731,-376686.309939,-1.903268,-90030.1888,-0.454892,0,0
31.003935,595.780304,-383055.030726,-19.336032,-91552.3496,-4.621422,0,0
29.038663,357.169056,-399685.355857,-55.392032,-95527.0927,-13.239013,0,0
19.632205,324.523132,-402160.238299,-61.029329,-96118.6038,-14.58636,0,0
34.436647,609.439127,-382455.930879,-19.213864,-91409.1613,-4.592224,0,0
8.896318,934.696994,-363627.705362,17.144059,-86909.1074,4.097528,0,0
34.21008,494.972836,-389390.658166,-31.790698,-93066.6009,-7.598159,0,0
26.937696,937.626913,-363831.128094,7.407018,-86957.7266,1.77032,0,0
9.58812,809.842727,-370357.758481,8.785698,-88517.6287,2.099832,0,0
33.609346,580.342023,-384105.051132,-21.785013,-91803.3105,-5.206743,0,0
34.039463,636.179145,-380900.519674,-16.618128,-91037.4091,-3.971828,0,0
17.028388,665.440796,-378368.271245,-6.93117,-90432.1872,-1.656589,0,0
8.084373,791.858728,-371244.752255,9.110743,-88729.6253,2.17752,0,0
17.814769,688.72771,-377172.572327,-5.541573,-90146.4083,-1.324468,0,0
21.706898,971.161338,-361873.131154,11.350272,-86489.7541,2.71278,0,0
14.594605,529.466276,-385375.754526,-17.460764,-92107.0159,-4.173223,0,0
25.568,986.335512,-361075.935225,10.731319,-86299.2197,2.564847,0,0
7.93699,633.029988,-379419.238908,-2.24894,-90683.3745,-0.537509,0,0
21.204392,338.708595,-400797.784806,-57.201901,-95792.9696,-13.671582,0,0
26.155128,765.157795,-373386.895403,-3.593838,-89241.6098,-0.858948,0,0
30.739097,550.523696,-385678.812942,-23.847689,-92179.4486,-5.699735,0,0
18.20994,906.968,-365368.254382,9.149021,-87325.1086,2.186668,0,0
15.446933,513.06123,-386359.803293,-19.788429,-92342.2092,-4.729548,0,0
14.74326,847.071391,-368545.519549,7.333677,-88084.4932,1.752791,0,0
19.449908,975.321749,-361605.357246,12.579413,-86425.7546,3.006552,0,0
12.895895,885.419991,-366411.656955,10.936776,-87574.4878,2.613952,0,0
30.181231,952.257971,-363054.542549,7.22244,-86772.1182,1.726204,0,0
29.428349,879.097808,-367150.989002,2.970622,-87751.1924,0.709996,0,0
8.428138,410.322103,-390715.82134,-24.754906,-93383.3225,-5.916565,0,0
27.883384,448.802965,-391901.24519,-35.654703,-93666.6456,-8.521679,0,0
31.40074,638.802373,-380625.228374,-15.503901,-90971.6129,-3.705521,0,0
14.653431,516.586794,-386072.744492,-18.824697,-92273.6005,-4.499211,0,0
9.886134,923.216758,-364277.183916,15.552528,-87064.3365,3.717143,0,0
7.743688,487.062458,-386670.117602,-15.065199,-92416.3761,-3.600669,0,0
11.849419,697.386379,-376379.011875,-0.993108,-89956.7428,-0.237358,0,0
29.770698,488.868847,-389400.174674,-30.776746,-93068.8754,-7.355819,0,0
21.557034,782.45331,-372280.366312,-0.499875,-88977.143,-0.119473,0,0
11.658369,768.916568,-372612.414828,4.284094,-89056.5045,1.023923,0,0
13.037478,522.460423,-385565.845779,-16.941903,-92152.4488,-4.049212,0,0
26.976626,451.7366,-391582.783378,-34.723264,-93590.5314,-8.299059,0,0
24.878639,561.453667,-384596.856902,-20.220956,-91920.8549,-4.832925,0,0
19.770083,314.907626,-403163.770699,-64.191628,-96358.4538,-15.342167,0,0
16.678166,545.669319,-384729.081762,-17.303231,-91952.4574,-4.135571,0,0
29.547528,551.718292,-385521.282414,-23.24777,-92141.7979,-5.55635,0,0
33.464194,510.252867,-388349.249687,-29.550988,-92817.6983,-7.062856,0,0
18.457558,472.30465,-389074.693782,-26.636426,-92991.0836,-6.366258,0,0
8.790504,870.431486,-367096.958918,13.399986,-87738.2789,3.202673,0,0
15.365038,335.339877,-400087.61775,-53.936304,-95623.2356,-12.891086,0,0
28.229252,950.223421,-363142.891056,7.72262,-86793.234,1.84575,0,0
13.001823,505.291825,-386468.9672,-18.678354,-92368.3,-4.464234,0,0
32.822036,754.626973,-374184.35869,-6.618575,-89432.2081,-1.581877,0,0
30.817531,775.226587,-372976.057146,-4.486693,-89143.4171,-1.072345,0,0
12.4398,360.166877,-395376.077274,-39.450723,-94497.1504,-9.428949,0,0
33.66042,690.043944,-377833.336803,-11.893691,-90304.3348,-2.84266,0,0
20.807089,695.314187,-376975.325178,-6.559593,-90099.2651,-1.56778,0,0
11.290149,599.731639,-381387.9699,-8.330439,-91153.9125,-1.991023,0,0
7.638821,384.590828,-391905.563497,-27.055399,-93667.6777,-6.466396,0,0
16.455109,351.656332,-398181.42919,-48.639528,-95167.6456,-11.625126,0,0
26.752421,999.971989,-360321.178026,11.092024,-86118.8284,2.651057,0,0
16.207015,401.347929,-393272.116473,-35.418158,-93994.2917,-8.465143,0,0
17.718797,670.533657,-378138.201453,-6.91737,-90377.1992,-1.653291,0,0
12.744228,644.600962,-379184.058778,-5.779275,-90627.1651,-1.38128,0,0
20.55819,585.43706,-382914.471757,-15.758917,-91518.7552,-3.766472,0,0
24.00225,352.760735,-399651.149146,-54.39981,-95518.9171,-13.001867,0,0
31.657969,393.472405,-396674.390465,-47.823348,-94807.4547,-11.430054,0,0
25.169259,323.01056,-402643.537578,-63.455083,-96234.1151,-15.166129,0,0
27.314039,722.013759,-375806.726447,-7.222599,-89819.9633,-1.726243,0,0
21.280425,457.026895,-390440.791121,-30.584378,-93317.5887,-7.309842,0,0
27.283321,803.93769,-371281.374389,-1.276113,-88738.3782,-0.304998,0,0
31.213101,406.859132,-395510.142675,-44.829167,-94529.1928,-10.714428,0,0
16.59875,728.782538,-374972.354841,-1.842557,-89620.5437,-0.440382,0,0
13.650874,746.407447,-373895.334246,1.263591,-89363.1296,0.302005,0,0
10.233313,982.425425,-361046.262715,18.651714,-86292.1278,4.457867,0,0
19.373892,713.827404,-375906.724884,-4.441312,-89843.8635,-1.061499,0,0
24.695326,787.075217,-372133.128423,-1.482043,-88941.9523,-0.354217,0,0
28.759992,742.344669,-374736.347534,-6.205319,-89564.1366,-1.483107,0,0
23.166882,341.623913,-400700.098448,-57.2696,-95769.622,-13.687763,0,0
17.880662,812.053246,-370544.680354,3.277842,-88562.3041,0.783423,0,0
8.23031,659.285782,-378110.45191,-0.522586,-90370.5669,-0.124901,0,0
32.254438,524.527781,-387363.791749,-27.361916,-92582.1682,-6.539655,0,0
22.5954,667.102823,-378598.236855,-9.634911,-90487.1503,-2.302799,0,0
12.584118,552.662519,-383937.151396,-13.632002,-91763.1815,-3.258127,0,0
21.25613,504.669989,-387522.585427,-24.497344,-92620.1208,-5.855006,0,0
11.311385,763.802222,-372866.878595,4.206022,-89117.3228,1.005263,0,0
8.040756,759.578668,-372933.186209,6.979189,-89133.1707,1.668066,0,0
26.696418,958.507382,-362655.742078,8.726144,-86676.8026,2.085598,0,0
26.483081,912.354945,-365237.746636,6.036057,-87293.9165,1.442652,0,0
19.599198,996.889714,-360403.528769,13.731907,-86138.5107,3.282005,0,0
32.890622,372.690762,-398562.656024,-52.971492,-95258.761,-12.66049,0,0
30.447852,752.660939,-374220.365776,-6.010205,-89440.814,-1.436473,0,0
13.217328,441.066134,-390033.738129,-26.353131,-93220.3007,-6.298549,0,0
24.629668,572.16151,-383970.202904,-19.035048,-91771.081,-4.549486,0,0
29.45502,463.795794,-391035.198612,-34.134259,-93459.6555,-8.158284,0,0
9.071599,491.968111,-386619.000001,-16.19541,-92404.1587,-3.870796,0,0
24.248916,614.538785,-381577.450708,-14.873667,-91199.1995,-3.554892,0,0
14.668708,956.686195,-362552.668402,14.028772,-86652.1674,3.352957,0,0
11.247884,335.765151,-397515.76525,-45.13983,-95008.5481,-10.788678,0,0
9.012036,345.970623,-394909.879258,-36.376013,-94385.7264,-8.694076,0,0
14.329313,363.66003,-395875.96695,-41.558037,-94616.6269,-9.932609,0,0
14.18548,902.672502,-365506.662358,11.137037,-87358.1889,2.661816,0,0
11.593522,386.391812,-393007.306929,-32.679205,-93931.0007,-7.810517,0,0
10.028194,821.898732,-369734.194367,9.172165,-88368.5933,2.1922,0,0
11.061378,397.429349,-392137.98135,-30.157136,-93723.2269,-7.207728,0,0
14.355231,421.245956,-391465.787022,-30.245798,-93562.5686,-7.228919,0,0
22.008477,344.277603,-400296.746622,-55.882876,-95673.2186,-13.356328,0,0
10.929793,738.174862,-374196.306102,2.723481,-89435.0636,0.650928,0,0
30.397044,701.225435,-377080.747334,-9.932232,-90124.4616,-2.37386,0,0
11.543615,699.786568,-376236.075975,-0.570652,-89922.5803,-0.136389,0,0
33.867043,519.43242,-387801.213886,-28.578752,-92686.7146,-6.830486,0,0
9.859545,450.421689,-388885.50711,-21.645605,-92945.8669,-5.173424,0,0
32.451842,976.803519,-361692.611219,7.987184,-86446.6088,1.908983,0,0
28.705892,685.148398,-377904.604967,-10.630495,-90321.3683,-2.540749,0,0
27.538541,537.045953,-386230.317698,-23.996163,-92311.2614,-5.735221,0,0
34.538788,717.356293,-376327.855781,-9.977999,-89944.5162,-2.384799,0,0
26.105029,415.04644,-394203.130948,-40.566873,-94216.8095,-9.695715,0,0
25.712282,396.388532,-395709.959637,-44.193953,-94576.9502,-10.562608,0,0
31.098342,586.536582,-383593.756709,-20.272331,-91681.1082,-4.845204,0,0
15.317679,309.278496,-403452.298921,-64.35105,-96427.4137,-15.38027,0,0
20.240639,511.583532,-387006.11163,-23.111535,-92496.6806,-5.523789,0,0
34.874017,382.576272,-397844.404225,-51.404968,-95087.0947,-12.286082,0,0
23.792693,398.457755,-395211.579966,-42.502306,-94457.8346,-10.158295,0,0
16.288688,370.946412,-395896.310813,-42.259176,-94621.4892,-10.100185,0,0
22.412197,412.35909,-393802.760222,-38.676822,-94121.1186,-9.243982,0,0
8.126784,428.928355,-389668.630992,-21.993099,-93133.038,-5.256477,0,0
9.948129,540.830889,-384258.498495,-12.347984,-91839.9853,-2.951239,0,0
18.35348,376.949774,-395960.074973,-43.036583,-94636.7292,-10.28599,0,0
18.657538,962.969767,-362279.470774,12.243892,-86586.8716,2.92636,0,0
22.190103,682.626485,-377732.84842,-8.20063,-90280.3175,-1.959998,0,0
31.450384,994.590339,-360673.944036,9.301102,-86203.1415,2.223017,0,0
29.837741,777.431938,-372824.728561,-4.009205,-89107.2487,-0.958223,0,0
10.322958,980.301937,-361164.871166,18.456823,-86320.4759,4.411287,0,0
21.93286,535.10743,-385837.625867,-21.494441,-92217.4058,-5.137295,0,0
24.938833,361.37991,-398896.509099,-52.461377,-95338.5538,-12.53857,0,0
8.642465,306.706114,-402529.911017,-60.094174,-96206.9577,-14.362852,0,0
30.327019,883.625145,-366914.43652,2.972927,-87694.655,0.710547,0,0
17.401667,368.026129,-396581.462151,-44.440206,-94785.2443,-10.621464,0,0
27.051144,642.773717,-380177.587653,-13.553332,-90864.6242,-3.239324,0,0
14.944468,991.146271,-360650.809863,15.822062,-86197.6123,3.781563,0,0
21.06265,597.300483,-382304.334518,-14.923205,-91372.9289,-3.566732,0,0
21.800687,541.398195,-385467.90085,-20.76048,-92129.0394,-4.961874,0,0
24.725434,915.384927,-365036.647697,6.858433,-87245.8527,1.639205,0,0
27.371293,933.025605,-364095.881991,6.983175,-87021.0043,1.669019,0,0
19.854327,747.255412,-374125.527048,-2.210187,-89418.147,-0.528247,0,0
31.178566,772.479521,-373139.540252,-4.799945,-89182.4905,-1.147214,0,0
10.640669,919.108561,-364520.034154,14.665781,-87122.3791,3.505206,0,0
27.997222,947.450513,-363295.515008,7.634762,-86829.712,1.824752,0,0
14.903391,342.865005,-398768.731413,-49.938155,-95308.0142,-11.935505,0,0
29.228174,762.915092,-373611.902974,-4.851349,-89295.3879,-1.1595,0,0
16.952994,927.406476,-364214.537302,11.022513,-87049.3636,2.634444,0,0
15.622372,816.644291,-370218.921646,4.828811,-88484.4459,1.154113,0,0
30.537244,506.795751,-388328.027602,-28.812452,-92812.6261,-6.886341,0,0
29.951697,680.391867,-378223.716974,-11.460382,-90397.6379,-2.739097,0,0
23.098004,515.093791,-387111.693615,-24.31884,-92521.9153,-5.812342,0,0
13.678355,499.002394,-386894.792126,-19.9151,-92470.0746,-4.759823,0,0
20.604211,890.136286,-366350.826616,6.989106,-87559.949,1.670436,0,0
20.776731,432.100988,-392032.671743,-34.00619,-93698.0573,-8.127674,0,0
15.097559,528.512886,-385483.731432,-17.929054,-92132.823,-4.285147,0,0
21.86085,646.765753,-379662.743524,-10.979788,-90741.5735,-2.624232,0,0
16.118308,331.206861,-400876.514298,-56.461444,-95811.7864,-13.494609,0,0
22.377668,749.020306,-374132.229816,-3.238501,-89419.749,-0.77402,0,0
34.075281,796.698964,-371862.811062,-3.955303,-88877.3449,-0.94534,0,0
8.992727,381.227097,-392513.31753,-29.751131,-93812.9344,-7.110691,0,0
33.9621,654.047039,-379879.852121,-15.016477,-90793.4637,-3.589024,0,0
24.084377,969.74826,-361987.691166,10.324079,-86517.1346,2.467514,0,0
20.621756,740.938942,-374499.463262,-3.035079,-89507.5199,-0.725401,0,0
25.964337,491.045695,-388873.42581,-28.696725,-92942.9794,-6.858682,0,0
12.632549,354.703958,-396015.490379,-41.318435,-94649.9738,-9.875343,0,0
7.558715,877.93435,-366654.937727,15.177062,-87632.6333,3.627405,0,0
24.501435,806.416772,-371063.667898,-0.071499,-88686.3451,-0.017089,0,0
10.913719,648.35794,-378860.126804,-3.999724,-90549.7435,-0.955957,0,0
11.786295,539.070958,-384555.175475,-14.244274,-91910.8928,-3.404463,0,0
18.963582,783.919154,-372107.233647,0.817502,-88935.7633,0.195388,0,0
10.835466,858.988854,-367777.755549,10.846708,-87900.9932,2.592425,0,0
16.724578,346.834769,-398914.788995,-50.804721,-95342.9228,-12.14262,0,0
25.098768,419.179514,-393721.96258,-39.172578,-94101.8075,-9.362471,0,0
11.47925,813.161752,-370254.907811,7.395494,-88493.0468,1.767565,0,0
20.446907,738.699301,-374613.26597,-3.116545,-89534.7194,-0.744872,0,0
12.494517,647.209134,-379031.044878,-5.379225,-90590.5939,-1.285666,0,0
30.484622,650.032349,-379947.459285,-14.202076,-90809.6222,-3.394378,0,0
15.905769,605.164559,-381485.667974,-11.280337,-91177.2629,-2.696065,0,0
28.007442,641.246535,-380313.965551,-14.056564,-90897.2193,-3.359599,0,0
21.426214,838.231985,-369226.670565,3.322266,-88247.2922,0.794041,0,0
17.226581,891.43562,-366198.152456,8.703507,-87523.459,2.080188,0,0
7.885397,400.223446,-391122.655927,-25.283278,-93480.5583,-6.042848,0,0
26.382369,751.958729,-374121.535094,-4.636998,-89417.1929,-1.108269,0,0
15.981649,710.044328,-375939.648362,-2.868701,-89851.7324,-0.685636,0,0
10.129709,501.082223,-386303.949403,-16.419067,-92328.8598,-3.924251,0,0
29.496161,716.14616,-376215.896125,-8.452752,-89917.7572,-2.020256,0,0
30.668312,570.686729,-384487.073762,-21.703048,-91894.6161,-5.187153,0,0
28.118619,413.846175,-394579.612707,-41.9274,-94306.7908,-10.020889,0,0
22.306511,819.008289,-370306.451344,1.671597,-88505.366,0.399521,0,0
22.527048,863.889462,-367844.472358,4.512961,-87916.9389,1.078624,0,0
10.521592,745.137292,-373810.847571,3.561963,-89342.9368,0.85133,0,0
13.920125,308.985103,-403356.265242,-63.79281,-96404.4611,-15.246847,0,0
15.136583,619.156184,-380688.332717,-9.573407,-90986.6952,-2.288099,0,0
16.510322,375.43301,-395532.003657,-41.352381,-94534.4177,-9.883456,0,0
16.775906,468.028018,-389075.790827,-25.949356,-92991.3458,-6.202045,0,0
12.925351,533.79348,-384957.851585,-15.722956,-92007.1347,-3.757877,0,0
31.992963,428.470675,-393870.346885,-41.05623,-94137.2722,-9.812674,0,0
32.719971,623.703044,-381549.141346,-17.314052,-91192.4334,-4.138158,0,0
33.226071,514.495341,-388063.023084,-28.937502,-92749.2885,-6.916229,0,0
22.696918,910.923825,-365245.644354,7.376834,-87295.8041,1.763106,0,0
33.764695,989.340246,-360993.24223,8.342749,-86279.4556,1.993965,0,0
25.767367,408.738723,-394666.503927,-41.613711,-94327.5583,-9.945916,0,0
15.174579,823.676001,-369824.077566,5.557643,-88390.0759,1.328308,0,0
20.209062,520.471935,-386494.487508,-22.108134,-92374.3995,-5.283971,0,0
9.272586,424.380951,-390153.720186,-24.095553,-93248.9771,-5.758975,0,0
16.0892,638.260258,-379749.002542,-8.580205,-90762.1899,-2.050718,0,0
34.234961,928.43639,-364451.892694,4.610408,-87106.0929,1.101914,0,0
27.922393,841.859153,-369194.885135,1.057387,-88239.6953,0.252722,0,0
32.646245,661.690612,-379390.050906,-13.934332,-90676.3984,-3.330385,0,0
27.468753,402.986483,-395393.415351,-43.780791,-94501.2943,-10.46386,0,0
29.212803,993.055766,-360738.601898,9.893734,-86218.5951,2.364659,0,0
24.804528,801.288286,-371354.988103,-0.540389,-88755.9723,-0.129156,0,0
14.479774,926.056651,-364233.779518,12.353772,-87053.9626,2.952622,0,0
34.688804,924.814167,-364662.570901,4.264756,-87156.4462,1.019301,0,0
13.085476,882.202869,-366591.66979,10.608972,-87617.5119,2.535605,0,0
19.092921,475.646805,-388965.79263,-26.651177,-92965.0556,-6.369784,0,0
16.821291,668.337812,-378201.818754,-6.579858,-90392.4041,-1.572624,0,0
25.92182,378.652221,-397353.89424,-48.481862,-94969.86,-11.587443,0,0
8.181954,706.103607,-375711.448399,3.041468,-89797.1913,0.726928,0,0
18.024169,459.666574,-389771.671615,-27.962592,-93157.6653,-6.68322,0,0
11.119731,592.82495,-381727.133726,-8.775606,-91234.9746,-2.09742,0,0
25.623348,686.771173,-377674.958178,-9.330223,-90266.4814,-2.229977,0,0
31.055638,844.576469,-369114.062389,0.2168,-88220.3782,0.051816,0,0
32.356397,948.805784,-363276.718388,6.368134,-86825.2195,1.522021,0,0
17.096227,719.451185,-375494.679543,-2.812547,-89745.3823,-0.672215,0,0
14.064595,774.25245,-372433.432094,2.934818,-89013.7266,0.701438,0,0
16.233499,441.84609,-390559.098323,-28.979267,-93345.8648,-6.926211,0,0
22.719078,323.378453,-402491.220732,-62.579511,-96197.7105,-14.956862,0,0
15.555391,373.533835,-395383.231077,-40.643154,-94498.8602,-9.713947,0,0
24.354553,897.793522,-366008.400525,5.918677,-87478.1072,1.414598,0,0
30.225981,734.288374,-375234.502106,-7.310756,-89683.1984,-1.747313,0,0
24.296826,790.818436,-371914.713163,-1.064652,-88889.7498,-0.254458,0,0
10.771591,831.335067,-369258.227548,9.144838,-88254.8345,2.185669,0,0
17.532039,366.378961,-396802.70454,-45.078463,-94838.1225,-10.774011,0,0
34.891386,337.586286,-401668.078982,-62.040501,-96000.9749,-14.828036,0,0
26.434352,735.729477,-375016.893521,-5.857682,-89631.1887,-1.40002,0,0
7.955147,673.925157,-377345.776538,0.906019,-90187.8051,0.216544,0,0
28.298648,564.412591,-384687.768527,-21.409742,-91942.5833,-5.117051,0,0
25.474283,568.547752,-384239.77384,-19.77761,-91835.51,-4.726962,0,0
17.323161,326.51072,-401683.090337,-59.146655,-96004.5627,-14.13639,0,0
34.620858,464.935738,-391450.075684,-36.172169,-93558.8135,-8.645356,0,0
29.760547,318.015473,-403228.226893,-66.008249,-96373.8592,-15.77635,0,0
21.646286,814.169317,-370551.390654,1.630659,-88563.9079,0.389737,0,0
15.041416,328.932626,-400929.855695,-56.4032,-95824.5353,-13.480688,0,0
31.514659,832.434004,-369802.90276,-0.734465,-88385.015,-0.175541,0,0
26.660834,603.581494,-382343.672904,-16.910088,-91382.331,-4.041608,0,0
25.38928,356.220458,-399457.944578,-54.109771,-95472.7401,-12.932546,0,0
22.93718,579.529648,-383426.633523,-17.519637,-91641.1648,-4.187294,0,0
29.078861,437.444488,-392870.135744,-38.121555,-93898.216,-9.11127,0,0
15.879578,903.179286,-365521.2482,10.156216,-87361.675,2.427394,0,0
33.036346,543.276289,-386275.056373,-25.510626,-92321.9542,-6.097186,0,0
19.973068,641.722513,-379819.929291,-10.475268,-90779.1418,-2.503649,0,0
12.301608,961.670129,-362229.96736,15.868541,-86575.04,3.792672,0,0
20.167786,452.555401,-390558.225122,-30.471532,-93345.6561,-7.282871,0,0
17.956221,730.667111,-374935.285019,-2.454778,-89611.6838,-0.586706,0,0
23.885324,957.694655,-362659.804324,9.699348,-86677.7735,2.3182,0,0
22.437464,447.456097,-391248.459184,-32.732785,-93510.626,-7.823323,0,0
17.432735,671.589235,-378065.151323,-6.672969,-90359.7398,-1.594878,0,0
32.101999,874.643377,-367450.394368,1.858466,-87822.752,0.444184,0,0
26.040859,592.379982,-382932.62697,-17.702835,-91523.0944,-4.231079,0,0
34.993814,544.228497,-386347.665927,-26.102883,-92339.3083,-6.238739,0,0
14.404361,601.800718,-381542.177496,-10.567869,-91190.769,-2.525781,0,0
14.513742,945.724366,-363153.606698,13.487931,-86795.7951,3.223693,0,0
32.244918,836.4089,-369596.515245,-0.689909,-88335.6872,-0.164892,0,0
34.587896,556.051193,-385606.27619,-24.661401,-92162.1119,-5.894216,0,0
19.714045,497.543036,-387755.825436,-24.39926,-92675.8665,-5.831563,0,0
27.134177,469.39313,-390399.394206,-32.193532,-93307.6946,-7.694439,0,0
9.345555,807.492779,-370472.582922,8.859226,-88545.0724,2.117406,0,0
18.186009,720.721123,-375479.487858,-3.312003,-89741.7514,-0.791588,0,0
10.426019,696.455291,-376343.55122,0.123285,-89948.2675,0.029466,0,0
18.853974,985.187026,-361045.896197,13.419714,-86292.0402,3.207389,0,0
27.225121,860.286115,-368154.426425,2.501741,-87991.0197,0.59793,0,0
8.764375,867.427213,-367257.244192,13.240616,-87776.588,3.164583,0,0
12.226306,704.175046,-376045.914012,-0.778831,-89877.1305,-0.186145,0,0
25.820084,757.974657,-373770.573642,-3.986372,-89333.3111,-0.952766,0,0
33.112777,899.023775,-366096.368706,3.109026,-87499.1321,0.743075,0,0
27.119027,942.991942,-363533.006798,7.664919,-86886.4739,1.83196,0,0
10.15917,848.464936,-368320.082282,10.756014,-88030.6124,2.570749,0,0
22.859453,693.431515,-377178.738706,-7.645698,-90147.8821,-1.827366,0,0
11.414597,474.560704,-387872.551505,-20.551957,-92703.7647,-4.912036,0,0
23.735978,719.175522,-375815.360131,-6.034294,-89822.0268,-1.442231,0,0
18.0864,849.895692,-368493.03629,5.649237,-88071.9494,1.3502,0,0
9.710622,340.93936,-395753.195838,-39.236962,-94587.2839,-9.377859,0,0
25.072101,331.820359,-401809.643366,-60.892167,-96034.8096,-14.553577,0,0
23.113321,405.570803,-394483.872746,-40.525348,-94283.9084,-9.685791,0,0
8.601894,888.25182,-366133.257361,14.678837,-87507.9487,3.508326,0,0
23.244597,492.768097,-388462.404294,-27.047338,-92844.7429,-6.464469,0,0
23.430446,781.113072,-372418.333294,-1.392324,-89010.1179,-0.332773,0,0
16.025889,348.182522,-398481.45881,-49.389442,-95239.3544,-11.80436,0,0
32.958248,788.625235,-372287.007575,-4.19572,-88978.7303,-1.002801,0,0
7.671402,675.272563,-377258.050192,1.337014,-90166.838,0.319554,0,0
19.568463,627.451347,-380562.774642,-11.47713,-90956.6861,-2.7431,0,0
19.495231,915.034971,-364951.709986,9.017781,-87225.5521,2.155301,0,0
12.734969,922.123805,-364407.951907,13.260958,-87095.5908,3.169445,0,0
24.379745,436.013212,-392344.190208,-35.764716,-93772.512,-8.547972,0,0
7.460891,683.544927,-376822.441818,2.208883,-90062.7251,0.527936,0,0
25.654583,766.935529,-373272.02201,-3.277013,-89214.1544,-0.783225,0,0
30.298737,576.216036,-384141.002989,-21.001366,-91811.9032,-5.019447,0,0
33.270382,565.200299,-384977.592115,-23.225835,-92011.8528,-5.551108,0,0
32.320357,936.511801,-363970.883318,5.641697,-86991.1289,1.348398,0,0
19.21308,518.071458,-386521.328705,-21.773103,-92380.8147,-5.203897,0,0
11.15749,411.107026,-391336.369626,-28.232026,-93531.6371,-6.747616,0,0
12.373373,875.655801,-366926.02369,10.7041,-87697.4244,2.558341,0,0
14.131066,828.444878,-369531.307186,6.517601,-88320.1021,1.557744,0,0
19.346813,954.540108,-362760.057985,11.428749,-86701.7347,2.731537,0,0
17.620852,306.215965,-403924.714779,-66.28042,-96540.3238,-15.841401,0,0
13.399925,894.748081,-365918.267542,11.164786,-87456.5649,2.668448,0,0
10.540828,628.732492,-379840.473986,-5.248998,-90784.0521,-1.254541,0,0
30.145758,313.706789,-403607.606072,-67.269005,-96464.533,-16.077678,0,0
13.846223,844.301247,-368666.671034,7.72442,-88113.4491,1.846181,0,0
19.831269,620.668721,-380946.63363,-12.201785,-91048.4306,-2.916297,0,0
12.151121,530.953885,-385017.297438,-15.34868,-92021.3426,-3.668423,0,0
10.392756,488.465633,-386989.974779,-18.004083,-92492.8238,-4.303079,0,0
25.456826,968.144266,-362097.134983,9.724641,-86543.2923,2.324245,0,0
16.879719,872.751031,-367211.578342,7.729071,-87765.6736,1.847292,0,0
30.050661,793.663753,-371928.44003,-2.930413,-88893.0306,-0.700386,0,0
10.988189,471.244745,-387980.358541,-20.492879,-92729.5312,-4.897916,0,0
18.744848,418.00055,-392643.521099,-34.784133,-93844.0538,-8.313607,0,0
10.646134,822.825707,-369708.005874,8.699884,-88362.3341,2.079322,0,0
15.785787,567.309431,-383482.516282,-14.626768,-91654.5211,-3.495881,0,0
20.675846,575.117768,-383489.962129,-16.79655,-91656.3007,-4.014472,0,0
27.595131,588.336484,-383266.22775,-18.739599,-91602.8269,-4.478872,0,0
15.707432,706.956734,-376089.269875,-2.934788,-89887.4928,-0.701431,0,0
23.634723,312.561068,-403556.542862,-66.079808,-96452.3286,-15.793453,0,0
12.254314,634.514249,-379672.051669,-6.219649,-90743.7982,-1.486532,0,0
23.537509,736.761747,-374846.913082,-4.632271,-89590.5624,-1.107139,0,0
23.268595,455.11102,-390856.384494,-32.111633,-93416.9179,-7.674864,0,0
15.541598,425.690158,-391440.296002,-30.715695,-93556.4761,-7.341227,0,0
13.76296,939.380842,-363486.24725,13.58915,-86875.2981,3.247885,0,0
15.272173,458.081984,-389415.470959,-26.007273,-93072.5313,-6.215887,0,0
32.573613,840.310779,-369384.931202,-0.527478,-88285.1174,-0.12607,0,0
9.208316,770.439657,-372420.596419,6.514005,-89010.6588,1.556884,0,0
22.150551,833.372907,-369513.80677,2.691605,-88315.9194,0.643309,0,0
31.945995,755.841886,-374090.04631,-6.256734,-89409.6669,-1.495395,0,0
23.933807,964.340573,-362288.490223,10.067971,-86589.0273,2.406303,0,0
32.142942,478.931661,-390275.623955,-33.146952,-93278.1128,-7.922312,0,0
21.756731,633.486121,-380378.69747,-12.058738,-90912.6906,-2.882108,0,0
29.895533,711.628883,-376482.160864,-8.94163,-89981.396,-2.137101,0,0
28.784221,941.609844,-363635.150371,7.029878,-86910.8868,1.680181,0,0
7.802607,430.294555,-389530.701248,-21.369819,-93100.072,-5.107509,0,0
29.661153,463.388446,-391085.158501,-34.290944,-93471.5962,-8.195732,0,0
19.136313,965.910019,-362124.254416,12.185612,-86549.774,2.912431,0,0
10.272511,656.178503,-378412.669342,-2.813859,-90442.7986,-0.672528,0,0
10.726268,526.611829,-385073.371825,-14.472134,-92034.7447,-3.458923,0,0
16.571614,906.54426,-365353.398254,9.97595,-87321.5579,2.384309,0,0
17.31086,946.34157,-363176.408662,11.950845,-86801.2449,2.85632,0,0
9.625938,871.277745,-367078.226313,12.65553,-87733.8017,3.024744,0,0
26.608079,438.517862,-392478.829654,-36.644678,-93804.6916,-8.758288,0,0
13.263866,677.521975,-377501.405439,-3.564218,-90225.0013,-0.851868,0,0
17.079049,563.069199,-383829.858155,-15.868934,-91737.5378,-3.792766,0,0
27.685693,358.175751,-399486.20959,-54.60031,-95479.4956,-13.049787,0,0
7.573551,478.301194,-387078.750891,-15.738377,-92514.0418,-3.761562,0,0
31.316298,422.047146,-394299.51399,-41.927908,-94239.8456,-10.02101,0,0
34.380353,652.808633,-379968.266317,-15.256428,-90814.5952,-3.646374,0,0
8.710583,350.785328,-394393.323036,-34.695875,-94262.2665,-8.292513,0,0
24.152379,651.756221,-379522.315095,-11.593633,-90708.0103,-2.770945,0,0
8.518459,992.841395,-360439.429581,20.819994,-86147.0912,4.976098,0,0
15.73761,581.622458,-382718.14969,-13.271615,-91471.8331,-3.171992,0,0
8.35498,672.424217,-377449.243511,0.346044,-90212.5343,0.082706,0,0
28.396595,606.000773,-382315.63843,-17.382058,-91375.6306,-4.154412,0,0
14.846415,974.292246,-361583.211753,14.929706,-86420.4617,3.568285,0,0
28.509379,854.493945,-368505.25608,1.68778,-88074.87,0.403389,0,0
20.487324,904.200511,-365571.765398,7.906718,-87373.7489,1.889751,0,0
20.862481,316.175797,-403097.121671,-64.163822,-96342.5243,-15.335521,0,0
18.535036,573.309002,-383407.503857,-15.778181,-91636.5927,-3.771076,0,0
23.034263,799.501769,-371398.077864,0.04563,-88766.271,0.010906,0,0
30.8796,480.41009,-390059.801938,-32.405342,-93226.5301,-7.745063,0,0
20.95564,549.224912,-384948.945104,-19.499134,-92005.006,-4.660405,0,0
25.289868,508.323451,-387740.306143,-26.232768,-92672.1573,-6.269782,0,0
12.798011,616.830302,-380629.86843,-8.106538,-90972.7219,-1.937509,0,0
31.557245,917.803481,-365015.146958,4.728544,-87240.7139,1.130149,0,0
13.839197,984.288758,-361011.631747,16.115113,-86283.8508,3.851605,0,0
9.810463,389.476916,-392266.149403,-29.687571,-93753.8598,-7.0955,0,0
16.33696,866.13784,-367557.373809,7.611195,-87848.3207,1.819119,0,0
33.311232,599.326599,-382981.742946,-19.806786,-91534.8334,-4.733936,0,0
29.147881,980.984132,-361420.444111,9.222686,-86381.5593,2.204275,0,0
13.33356,590.207884,-382057.147563,-10.805464,-91313.8498,-2.582568,0,0
25.339112,797.753029,-371565.845804,-0.988857,-88806.3685,-0.236342,0,0
19.249447,730.002268,-375030.148433,-3.172575,-89634.3567,-0.758264,0,0
22.625506,404.921209,-394446.746858,-40.30911,-94275.0351,-9.634108,0,0
12.093977,778.612044,-372117.882346,4.614466,-88938.3084,1.102884,0,0
20.068246,800.805596,-371229.572285,1.441063,-88725.9972,0.344422,0,0
18.862843,618.437064,-380999.107685,-11.876257,-91060.9722,-2.838494,0,0
9.499132,758.368161,-373067.410602,5.407254,-89165.2511,1.292365,0,0
13.526521,482.395236,-387772.83758,-21.620235,-92679.9325,-5.16736,0,0
8.281215,426.146912,-389845.806238,-22.546434,-93175.3839,-5.388727,0,0
13.961504,967.153413,-361961.102265,15.066721,-86510.7797,3.601033,0,0
20.369366,444.431799,-391122.048829,-31.796623,-93480.4132,-7.599575,0,0
26.548387,433.105045,-392869.978844,-37.527593,-93898.1785,-8.96931,0,0
22.883745,664.853003,-378736.416802,-9.948575,-90520.1761,-2.377767,0,0
24.816531,663.089859,-378936.076446,-10.929035,-90567.8959,-2.612102,0,0
