,ATMP_In_Fm,ATMP_In_F,ATMP_In_h,ATMP_In_T,ATMP_In_P,ATMP_In_F[H2O],BFW_Fm,BFW_F,BFW_h,BFW_T,BFW_P,BFW_F[H2O],ECON_OUT_Fm,ECON_OUT_F,ECON_OUT_h,ECON_OUT_T,ECON_OUT_P,ECON_OUT_F[H2O],FG_2_FSH_Fm,FG_2_FSH_F,FG_2_FSH_h,FG_2_FSH_T,FG_2_FSH_P,FG_2_FSH_F[O2],FG_2_FSH_F[NO],FG_2_FSH_F[N2],FG_2_FSH_F[SO2],FG_2_FSH_F[CO2],FG_2_FSH_F[H2O],FSH_In_Fm,FSH_In_F,FSH_In_h,FSH_In_T,FSH_In_P,FSH_In_F[H2O],FSHtoATMP1_Fm,FSHtoATMP1_F,FSHtoATMP1_h,FSHtoATMP1_T,FSHtoATMP1_P,FSHtoATMP1_F[H2O],MS_Fm,MS_F,MS_h,MS_T,MS_P,MS_F[H2O],PlatenSH_IN_Fm,PlatenSH_IN_F,PlatenSH_IN_h,PlatenSH_IN_T,PlatenSH_IN_P,PlatenSH_IN_F[H2O],PrSH_IN_Fm,PrSH_IN_F,PrSH_IN_h,PrSH_IN_T,PrSH_IN_P,PrSH_IN_F[H2O],RHT_COLD_Fm,RHT_COLD_F,RHT_COLD_h,RHT_COLD_T,RHT_COLD_P,RHT_COLD_F[H2O],RHT_HOT_Fm,RHT_HOT_F,RHT_HOT_h,RHT_HOT_T,RHT_HOT_P,RHT_HOT_F[H2O],econ2ww_Fm,econ2ww_F,econ2ww_h,econ2ww_T,econ2ww_P,econ2ww_F[H2O],fg_fsh2PrSH_Fm,fg_fsh2PrSH_F,fg_fsh2PrSH_h,fg_fsh2PrSH_T,fg_fsh2PrSH_P,fg_fsh2PrSH_F[O2],fg_fsh2PrSH_F[NO],fg_fsh2PrSH_F[N2],fg_fsh2PrSH_F[SO2],fg_fsh2PrSH_F[CO2],fg_fsh2PrSH_F[H2O],fg_fsh2_separator_Fm,fg_fsh2_separator_F,fg_fsh2_separator_h,fg_fsh2_separator_T,fg_fsh2_separator_P,fg_fsh2_separator_F[O2],fg_fsh2_separator_F[NO],fg_fsh2_separator_F[N2],fg_fsh2_separator_F[SO2],fg_fsh2_separator_F[CO2],fg_fsh2_separator_F[H2O],fg_fsh2rh_Fm,fg_fsh2rh_F,fg_fsh2rh_h,fg_fsh2rh_T,fg_fsh2rh_P,fg_fsh2rh_F[O2],fg_fsh2rh_F[NO],fg_fsh2rh_F[N2],fg_fsh2rh_F[SO2],fg_fsh2rh_F[CO2],fg_fsh2rh_F[H2O],fg_mix2econ_Fm,fg_mix2econ_F,fg_mix2econ_h,fg_mix2econ_T,fg_mix2econ_P,fg_mix2econ_F[O2],fg_mix2econ_F[NO],fg_mix2econ_F[N2],fg_mix2econ_F[SO2],fg_mix2econ_F[CO2],fg_mix2econ_F[H2O],fg_prsh2mix_Fm,fg_prsh2mix_F,fg_prsh2mix_h,fg_prsh2mix_T,fg_prsh2mix_P,fg_prsh2mix_F[O2],fg_prsh2mix_F[NO],fg_prsh2mix_F[N2],fg_prsh2mix_F[SO2],fg_prsh2mix_F[CO2],fg_prsh2mix_F[H2O],fg_rhtomix_Fm,fg_rhtomix_F,fg_rhtomix_h,fg_rhtomix_T,fg_rhtomix_P,fg_rhtomix_F[O2],fg_rhtomix_F[NO],fg_rhtomix_F[N2],fg_rhtomix_F[SO2],fg_rhtomix_F[CO2],fg_rhtomix_F[H2O],plsh2fsh_Fm,plsh2fsh_F,plsh2fsh_h,plsh2fsh_T,plsh2fsh_P,plsh2fsh_F[H2O],prsh2plsh_Fm,prsh2plsh_F,prsh2plsh_h,prsh2plsh_T,prsh2plsh_P,prsh2plsh_F[H2O],ww2prsh_Fm,ww2prsh_F,ww2prsh_h,ww2prsh_T,ww2prsh_P,ww2prsh_F[H2O],coal_flow,stoich_ratio,termination,bin_no,bin_power
0,499.2733532880415,27713.90096933565,53798.61456092291,734.7189071988684,25946908.898520865,27713.90096933565,499.2733532880415,27713.90096933565,15239.219929511019,469.1102718578014,26921593.049643937,27713.90096933565,499.2733532880415,27713.90096933565,20118.24176131975,529.4026686208272,26185844.83882926,27713.90096933565,586.3535401411559,18816.594028979547,-54179.321285611004,1504.4406459072604,100145,620.3169485085482,3.9341898945164577,13106.983596903992,22.67996931959443,4099.232205407791,963.4471189451045,499.2733532880415,27713.90096933565,47107.25551030273,681.3831919063402,26102691.340276908,27713.90096933565,499.2733532880415,27713.90096933565,53798.61456092291,734.7189071988684,25946908.898520865,27713.90096933565,499.2733713033096,27713.901969335653,53798.61345179261,734.7188944614244,25946908.898520794,27713.901969335653,499.2733532880415,27713.90096933565,43646.337866129106,669.0285609246145,26102691.340276908,27713.90096933565,499.2733532880415,27713.90096933565,39535.38212927538,662.8059569699541,26185844.83882926,27713.90096933565,436.96558657036763,24255.292042858735,53913.83989400457,580.6107381936923,3676265.851131916,24255.292042858735,436.96558657036763,24255.292042858735,65501.15933818089,852.8511267164831,3110338.4384524086,24255.292042858735,499.2733532880415,27713.90096933565,20118.24176131975,529.4026686208272,26185844.83882926,27713.90096933565,166.90172750190303,5356.021297974335,-64034.646951539326,1259.3327854563147,100044.71408863258,176.56919113997665,1.1198416053858125,3730.817765909209,6.455705986219868,1166.8198274189538,274.2389659145896,586.3535401411559,18816.594028979547,-64034.64695153935,1259.3327854563147,100044.71408863258,620.3169485085482,3.9341898945164577,13106.983596903992,22.67996931959443,4099.232205407791,963.4471189451045,419.4518126392529,13460.572731005215,-64034.646951539304,1259.3327854563147,100044.71408863258,443.74775736857157,2.814348289130645,9376.165830994785,16.224263333374566,2932.4123779888373,689.208153030515,586.353540141156,18816.594028979547,-85025.92925717661,702.2276257038495,99952.6238136721,620.3169485085482,3.9341898945164577,13106.983596903994,22.679969319594434,4099.232205407791,963.4471189451045,166.90172750190303,5356.021297974335,-85306.14940496974,694.2854063806667,99996.69068177853,176.56919113997665,1.1198416053858125,3730.817765909209,6.455705986219868,1166.8198274189538,274.2389659145896,419.4518126392529,13460.572731005215,-84914.42842361664,705.3828492960743,99952.62381367777,443.74775736857157,2.814348289130645,9376.165830994785,16.224263333374566,2932.4123779888373,689.208153030515,499.2733532880415,27713.90096933565,47107.25551030273,681.3831919063402,26102691.340276908,27713.90096933565,499.2733532880415,27713.90096933565,43646.337866129106,669.0285609246145,26102691.340276908,27713.90096933565,499.2733532880415,27713.90096933565,39535.38212927538,662.8059569699541,26185844.83882926,27713.90096933565,54.8077903922491,1.1375767761722855,optimal,24.0,592500000.0
1,487.1222739635175,27039.413122442445,54059.33287953522,737.7531208862564,25948112.95202025,27039.413122442445,487.1222739635175,27039.413122442445,14961.370347308624,465.563449926537,26923567.63258897,27039.413122442445,487.1222739635175,27039.413122442445,19982.649289020635,527.7916690300495,26185949.17797124,27039.413122442445,588.9631151874763,18920.3296833179,-54025.57669983434,1498.4936003566693,100145,618.511491227837,3.922739277528105,13199.754035163322,22.613958362078574,4093.1401397423906,982.3873195447452,487.1222739635175,27039.413122442445,47287.72324470692,682.2907272695746,26105329.16818689,27039.413122442445,487.1222739635175,27039.413122442445,54059.33287953522,737.7531208862564,25948112.95202025,27039.413122442445,487.1222919787854,27039.414122442442,54059.33173309593,737.7531074157994,25948112.95202027,27039.414122442442,487.1222739635175,27039.413122442445,43808.684688922476,669.4412018347555,26105329.16818689,27039.413122442445,487.1222739635175,27039.413122442445,39648.41745978345,662.9293783589583,26185949.17797124,27039.413122442445,440.70295076960684,24462.747419000752,53907.25625879659,580.4950635155652,3678107.354130262,24462.747419000752,440.70295076960684,24462.747419000752,65586.49256135893,854.943747000888,3111267.002562787,24462.747419000752,487.1222739635175,27039.413122442445,19982.649289020635,527.7916690300495,26185949.17797124,27039.413122442445,166.45345533792414,5347.286053590075,-63703.01644241313,1257.5312602166857,100144.99997927778,174.80445247970064,1.108649235065425,3730.530167520348,6.391183779034664,1156.8081291909095,277.6434713850165,588.9631151874763,18920.3296833179,-63703.01644241313,1257.5312602166857,100144.99997927778,618.511491227837,3.922739277528105,13199.754035163322,22.613958362078574,4093.1401397423906,982.3873195447452,422.5096598495522,13573.043629727827,-63703.01644241312,1257.5312602166857,100144.99997927778,443.7070387481364,2.81409004246268,9469.223867642973,16.22277458304391,2936.3320105514813,704.7438481597286,588.9631151874763,18920.3296833179,-84749.02349883075,698.2305236852064,100144.99922184949,618.511491227837,3.922739277528105,13199.754035163322,22.613958362078577,4093.1401397423906,982.3873195447451,166.45345533792414,5347.286053590075,-84740.07770696332,698.4842406817112,100144.99957163047,174.80445247970064,1.108649235065425,3730.530167520348,6.391183779034664,1156.8081291909095,277.6434713850165,422.5096598495522,13573.043629727827,-84752.54781580753,698.1305633341756,100144.99993624722,443.7070387481364,2.81409004246268,9469.223867642973,16.22277458304391,2936.3320105514813,704.7438481597286,487.1222739635175,27039.413122442445,47287.72324470692,682.2907272695746,26105329.16818689,27039.413122442445,487.1222739635175,27039.413122442445,43808.684688922476,669.4412018347555,26105329.16818689,27039.413122442445,487.1222739635175,27039.413122442445,39648.41745978345,662.9293783589583,26185949.17797124,27039.413122442445,54.348646697802664,1.1535804792445197,optimal,24.0,592500000.0
2,486.6641902270531,27013.98559416674,53908.5158421836,736.004943390029,25950853.856867854,27013.98559416674,486.6641902270531,27013.98559416674,14980.924476394342,465.8134483250582,26922941.81230675,27013.98559416674,486.6641902270531,27013.98559416674,19744.89026012465,524.9567346943569,26186773.231849268,27013.98559416674,579.2859066138727,18590.178862897865,-54334.32058155974,1500.993640077571,100145,605.7996157871711,3.842117698480066,12955.978322348052,22.149187980289074,4051.1298741886258,951.2797448952481,486.6641902270531,27013.98559416674,47242.197616937374,682.047250641408,26102126.470143877,27013.98559416674,486.6641902270531,27013.98559416674,53908.5158421836,736.004943390029,25950853.856867854,27013.98559416674,486.6642082423211,27013.98659416674,53908.51470024813,736.0049301481787,25950853.85686782,27013.98659416674,486.6641902270531,27013.98559416674,43719.75515000726,669.2057286729639,26102126.470143877,27013.98559416674,486.6641902270531,27013.98559416674,39537.76350879151,662.8117263148673,26186773.231849268,27013.98559416674,419.801092867473,23302.517224138603,53767.787293873305,577.5951341558808,3677637.5698332614,23302.517224138603,419.801092867473,23302.517224138603,65865.23746722651,861.7612205599135,3110644.977590343,23302.517224138603,486.6641902270531,27013.98559416674,19744.89026012465,524.9567346943569,26186773.231849268,27013.98559416674,162.4486800801976,5213.228881029064,-64021.36156330856,1260.0343520165245,100144.99996296008,169.88389818244545,1.0774419707173766,3633.2345627320515,6.21127894044293,1136.0550867571183,266.76661244628895,579.2859066138727,18590.178862897865,-64021.36156330857,1260.0343520165245,100144.99996296008,605.7996157871711,3.842117698480066,12955.978322348052,22.149187980289074,4051.1298741886258,951.2797448952481,416.8372265336751,13376.949981868804,-64021.36156330857,1260.0343520165245,100144.99996296008,435.91571760472556,2.7646757277626888,9322.743759616002,15.937909039846147,2915.0747874315075,684.513132448959,579.2859066138727,18590.178862897865,-85262.32464901268,695.9400048986702,100063.73918104613,605.799615787171,3.842117698480066,12955.978322348052,22.149187980289078,4051.1298741886253,951.279744895248,162.4486800801976,5213.228881029064,-85691.66695922818,683.7416263446372,100144.99993308268,169.88389818244545,1.0774419707173766,3633.2345627320515,6.21127894044293,1136.0550867571183,266.76661244628895,416.8372265336751,13376.949981868804,-85095.00252143522,700.682316611423,100063.73918104918,435.91571760472556,2.7646757277626888,9322.743759616002,15.937909039846147,2915.0747874315075,684.513132448959,486.6641902270531,27013.98559416674,47242.197616937374,682.047250641408,26102126.470143877,27013.98559416674,486.6641902270531,27013.98559416674,43719.75515000726,669.2057286729639,26102126.470143877,27013.98559416674,486.6641902270531,27013.98559416674,39537.76350879151,662.8117263148673,26186773.231849268,27013.98559416674,54.17701670413501,1.1368902220010182,optimal,24.0,592500000.0
3,481.2472461562891,26713.299305693876,54229.10374397929,739.753501003571,25946091.053189203,26713.299305693876,481.2472461562891,26713.299305693876,14860.069616167444,464.26805770852883,26922454.07824086,26713.299305693876,481.2472461562891,26713.299305693876,19930.516764676933,527.1711371025119,26186641.519265566,26713.299305693876,585.7486010192043,18814.540098242953,-54107.72810281297,1497.9202618904578,100145,612.8942813503396,3.88711366647788,13125.94589852376,22.408582468368635,4074.585646873994,974.8185753600101,481.2472461562891,26713.299305693876,47512.85126360093,683.4354631716949,26102947.375607282,26713.299305693876,481.2472461562891,26713.299305693876,54229.10374397929,739.753501003571,25946091.053189203,26713.299305693876,481.2472641715572,26713.30030569388,54229.10257718906,739.7534870929223,25946091.053189266,26713.30030569388,481.2472461562891,26713.299305693876,43993.38713754875,669.905620003185,26102947.375607282,26713.299305693876,481.2472461562891,26713.299305693876,39817.78644042444,663.1182745699718,26186641.519265566,26713.299305693876,419.76747674287236,23300.651244426248,53625.309301463705,574.6658024024133,3677856.4448889173,23300.651244426248,419.76747674287236,23300.651244426248,65773.97539081922,859.5306017055692,3111032.7605933244,23300.651244426248,481.2472461562891,26713.299305693876,19930.516764676933,527.1711371025119,26186641.519265566,26713.299305693876,163.61059328585222,5255.254664744922,-63643.611615464506,1260.542169674593,99879.24179824506,171.1928919996643,1.0857439045272927,3666.323388837359,6.259138247987958,1138.1083521481867,272.2851496071972,585.7486010192043,18814.540098242953,-63643.61161546448,1260.542169674593,99879.24179824506,612.8942813503396,3.88711366647788,13125.94589852376,22.408582468368635,4074.585646873994,974.8185753600101,422.13800773335197,13559.285433498026,-63643.61161546449,1260.542169674593,99879.24179824506,441.7013893506753,2.8013697619505873,9459.6225096864,16.149444220380676,2936.4772947258075,702.5334257528127,585.7486010192042,18814.540098242946,-84617.59773342751,703.7045359770387,99710.87623484152,612.8942813503396,3.88711366647788,13125.945898523758,22.408582468368635,4074.585646873994,974.8185753600101,163.61059328585222,5255.254664744922,-84868.8572637189,696.5827133470802,99831.21841927983,171.1928919996643,1.0857439045272927,3666.323388837359,6.259138247987958,1138.1083521481867,272.2851496071972,422.13800773335197,13559.285433498026,-84520.21555019217,706.4608903727027,99710.87623484358,441.7013893506753,2.8013697619505873,9459.6225096864,16.149444220380676,2936.4772947258075,702.5334257528127,481.2472461562891,26713.299305693876,47512.85126360093,683.4354631716949,26102947.375607282,26713.299305693876,481.2472461562891,26713.299305693876,43993.38713754875,669.905620003185,26102947.375607282,26713.299305693876,481.2472461562891,26713.299305693876,39817.78644042444,663.1182745699718,26186641.519265566,26713.299305693876,54.1578760064611,1.1511291168931714,optimal,24.0,592500000.0
4,501.3250277462824,27827.786283627996,52455.1950226207,720.2186829924298,25946397.712226566,27827.786283627996,501.3250277462824,27827.786283627996,15161.046264993754,468.11340470745074,26921977.8952265,27827.786283627996,501.3250277462824,27827.786283627996,19933.933674801177,527.212088640352,26178016.441160508,27827.786283627996,583.9840036103477,18771.00761782488,-54083.64767948106,1492.381472210505,100145,604.6900014626112,3.835080274348757,13111.948389295767,22.10861836680664,4047.224282006583,981.2012464187632,501.3250277462824,27827.786283627996,46127.183188147865,676.99215165841,26102519.606538486,27827.786283627996,501.3250277462824,27827.786283627996,52455.1950226207,720.2186829924298,25946397.712226566,27827.786283627996,501.3250457615503,27827.787283627993,52455.19396630571,720.2186723284083,25946397.71222661,27827.787283627993,501.3250277462824,27827.786283627996,42804.009894944116,667.1704473372279,26102519.606538486,27827.786283627996,501.3250277462824,27827.786283627996,38815.02114915706,662.0069381665517,26178016.441160508,27827.786283627996,428.86801154992565,23805.808026276693,53783.79725961588,577.8952467179814,3675031.072456053,23805.808026276693,428.86801154992565,23805.808026276693,65672.15466120487,857.0368069270203,3110319.0849198285,23805.808026276693,501.3250277462824,27827.786283627996,19933.933674801177,527.212088640352,26178016.441160508,27827.786283627996,161.96002677211703,5205.883855597891,-63464.84684125436,1258.645175993834,100144.99999161993,167.70255387176945,1.0636073934675434,3636.420687957573,6.131524837059891,1122.442650850263,272.1228306877575,583.9840036103477,18771.00761782488,-63464.84684125435,1258.645175993834,100144.99999161993,604.6900014626112,3.835080274348757,13111.948389295767,22.10861836680664,4047.224282006583,981.2012464187632,422.0239768382308,13565.123762226991,-63464.846841254344,1258.645175993834,100144.99999161993,436.9874475908417,2.7714728808812135,9475.527701338195,15.977093529746746,2924.78163115632,709.0784157310055,583.9840036103477,18771.00761782488,-84455.55167594826,700.8284854967939,100144.99947426001,604.6900014626112,3.8350802743487566,13111.948389295767,22.108618366806642,4047.2242820065835,981.201246418763,161.96002677211703,5205.883855597891,-84787.78246268512,691.3964146819391,100144.99997430343,167.70255387176945,1.0636073934675434,3636.420687957573,6.131524837059891,1122.442650850263,272.1228306877575,422.0239768382308,13565.123762226991,-84328.05155731153,704.4414688559395,100144.9999742165,436.9874475908417,2.7714728808812135,9475.527701338195,15.977093529746746,2924.78163115632,709.0784157310055,501.3250277462824,27827.786283627996,46127.183188147865,676.99215165841,26102519.606538486,27827.786283627996,501.3250277462824,27827.786283627996,42804.009894944116,667.1704473372279,26102519.606538486,27827.786283627996,501.3250277462824,27827.786283627996,38815.02114915706,662.0069381665517,26178016.441160508,27827.786283627996,53.55682994907022,1.1613532916799068,optimal,25.0,597500000.0
5,486.4172835542808,27000.280182025646,53531.69373013948,731.6841809027004,25945616.991561662,27000.280182025646,486.4172835542808,27000.280182025646,15261.080658419833,469.38881233867755,26922206.010239236,27000.280182025646,486.4172835542808,27000.280182025646,20070.971613002395,528.8415108706156,26186272.710182816,27000.280182025646,587.260675198184,18885.63378545846,-53969.40043224589,1490.575441742915,100145,607.9902383622374,3.856011120573799,13199.485883912852,22.229281314693,4058.1683369484826,993.9040337996225,486.4172835542808,27000.280182025646,47136.062227503164,681.5222401524659,26102269.55231126,27000.280182025646,486.4172835542808,27000.280182025646,53531.69373013948,731.6841809027004,25945616.991561662,27000.280182025646,486.4173015695489,27000.28118202565,53531.69260158058,731.6841682509362,25945616.99156167,27000.28118202565,486.4172835542808,27000.280182025646,43734.223455183965,669.2420958344387,26102269.55231126,27000.280182025646,486.4172835542808,27000.280182025646,39453.25106658849,662.7185444625339,26186272.710182816,27000.280182025646,434.32890353772285,24108.933796473237,53822.165883416346,578.7204176289614,3677601.512043609,24108.933796473237,434.32890353772285,24108.933796473237,65797.2641668445,860.0996800290978,3110874.763484012,24108.933796473237,486.4172835542808,27000.280182025646,20070.971613002395,528.8415108706156,26186272.710182816,27000.280182025646,165.74787268996533,5330.262618529845,-63113.06193039129,1262.7176896451952,99940.09854264742,171.59856411430528,1.0883167685087538,3725.4098533355145,6.273970393290441,1145.3734215048382,280.5184924133879,587.260675198184,18885.63378545846,-63113.061930391275,1262.7176896451952,99940.09854264742,607.9902383622374,3.856011120573799,13199.485883912852,22.229281314693,4058.1683369484826,993.9040337996225,421.5128025082186,13555.371166928617,-63113.06193039125,1262.7176896451952,99940.09854264742,436.39167424793203,2.7676943520650448,9474.076030577336,15.95531092140256,2912.7949154436446,713.3855413862344,587.260675198184,18885.63378545846,-84520.56724675093,693.3681971912741,99940.09798400146,607.9902383622373,3.856011120573799,13199.485883912852,22.229281314693,4058.168336948483,993.9040337996224,165.74787268996533,5330.262618529845,-84798.19495587701,685.468547993506,99940.09845406172,171.59856411430528,1.0883167685087538,3725.4098533355145,6.273970393290441,1145.3734215048382,280.5184924133879,421.5128025082186,13555.371166928617,-84411.39807819038,696.4695831710657,99940.09851552149,436.39167424793203,2.7676943520650448,9474.076030577336,15.95531092140256,2912.7949154436446,713.3855413862344,486.4172835542808,27000.280182025646,47136.062227503164,681.5222401524659,26102269.55231126,27000.280182025646,486.4172835542808,27000.280182025646,43734.223455183965,669.2420958344387,26102269.55231126,27000.280182025646,486.4172835542808,27000.280182025646,39453.25106658849,662.7185444625339,26186272.710182816,27000.280182025646,53.52229210048813,1.1692482785868352,optimal,24.0,592500000.0
6,515.4970785189523,28614.455167636268,51672.80144545187,712.6410884966563,25946995.19433341,28614.455167636268,515.4970785189523,28614.455167636268,14898.935458837283,464.76543365671546,26921010.2384857,28614.455167636268,515.4970785189523,28614.455167636268,19533.871888060963,522.4305535302301,26177031.378837883,28614.455167636268,585.5166457608657,18810.33248615151,-54097.27914936158,1496.6489867373928,100145,611.2754995525747,3.876846987475304,13126.887426153055,22.349396722119558,4069.1966530222444,976.7466637140428,515.4970785189523,28614.455167636268,45341.56578043536,674.0118852585015,26101982.723180957,28614.455167636268,515.4970785189523,28614.455167636268,51672.80144545187,712.6410884966563,25946995.19433341,28614.455167636268,515.4970965342204,28614.456167636272,51672.8004455197,712.6410792149516,25946995.19433339,28614.456167636272,515.4970785189523,28614.455167636268,42068.57188788789,665.8197482934825,26101982.723180957,28614.455167636268,515.4970785189523,28614.455167636268,38052.90045412248,661.1610463865101,26177031.378837883,28614.455167636268,430.6988979881023,23907.43773493141,54038.77780670951,583.2361647895123,3677269.1985623688,23907.43773493141,430.6988979881023,23907.43773493141,65757.74035602486,859.1286207302951,3109710.442888874,23907.43773493141,515.4970785189523,28614.455167636268,19533.871888060963,522.4305535302301,26177031.378837883,28614.455167636268,166.4832560330179,5348.448113355864,-63728.414549319634,1256.7987060451724,100144.99999702894,173.80741646802903,1.1023258079673606,3732.4420682266946,6.354730243129168,1157.0176751396482,277.7238974703963,585.5166457608657,18810.33248615151,-63728.41454931964,1256.7987060451724,100144.99999702894,611.2754995525747,3.876846987475304,13126.887426153055,22.349396722119558,4069.1966530222444,976.7466637140428,419.03338972784775,13461.884372795646,-63728.414549319656,1256.7987060451724,100144.99999702894,437.46808308454575,2.7745211795079436,9394.44535792636,15.99466647899039,2912.178977882596,699.0227662436465,585.5166457608658,18810.33248615151,-84731.58490614612,698.6125559866541,99976.634434106,611.2754995525747,3.8768469874753038,13126.887426153056,22.349396722119558,4069.196653022245,976.7466637140427,166.4832560330179,5348.448113355864,-85212.45024978764,684.9483064961273,100144.9998978294,173.80741646802903,1.1023258079673606,3732.4420682266946,6.354730243129168,1157.0176751396482,277.7238974703963,419.03338972784775,13461.884372795646,-84540.5356244293,704.0265314209242,99976.63443410749,437.46808308454575,2.7745211795079436,9394.44535792636,15.99466647899039,2912.178977882596,699.0227662436465,515.4970785189523,28614.455167636268,45341.56578043536,674.0118852585015,26101982.723180957,28614.455167636268,515.4970785189523,28614.455167636268,42068.57188788789,665.8197482934825,26101982.723180957,28614.455167636268,515.4970785189523,28614.455167636268,38052.90045412248,661.1610463865101,26177031.378837883,28614.455167636268,54.02691611901121,1.1536639299151004,optimal,25.0,597500000.0
7,509.49345770971485,28281.203349831645,52889.56439507688,724.7094744928592,25948039.945081506,28281.203349831645,509.49345770971485,28281.203349831645,14788.781278877725,463.35553374837025,26922845.623260602,28281.203349831645,509.49345770971485,28281.203349831645,19519.528599024055,522.2580810281672,26186745.269830495,28281.203349831645,593.2694557503281,19043.114194109534,-54005.53742920045,1505.99543758972,100145,632.8827659759448,4.013885140979466,13263.788684042205,23.13939954364586,4140.376308850655,978.9131505561041,509.49345770971485,28281.203349831645,46155.794578353656,677.1101932254467,26102689.38071601,28281.203349831645,509.49345770971485,28281.203349831645,52889.56439507688,724.7094744928592,25948039.945081506,28281.203349831645,509.4934757249829,28281.204349831645,52889.56334033827,724.7094633688861,25948039.94508156,28281.204349831645,509.49345770971485,28281.203349831645,42756.90259372529,667.0776344661581,26102689.38071601,28281.203349831645,509.49345770971485,28281.203349831645,38598.60125183515,661.8008013068825,26186745.269830495,28281.203349831645,439.88800568456674,24417.511062536883,54030.47264058604,583.0353972314895,3674976.744355029,24417.511062536883,439.88800568456674,24417.511062536883,65588.49448402612,854.9953687315858,3111973.1914721923,24417.511062536883,509.49345770971485,28281.203349831645,19519.528599024055,522.2580810281672,26186745.269830495,28281.203349831645,171.76631100998435,5513.456732956468,-64005.956034924886,1257.2250551498116,100144.99998925057,183.23535277236996,1.162119904878404,3840.197789034152,6.699433554305256,1198.7422542510008,283.41978343976194,593.2694557503281,19043.114194109534,-64005.95603492487,1257.2250551498116,100144.99998925057,632.8827659759448,4.013885140979466,13263.788684042205,23.13939954364586,4140.376308850655,978.9131505561041,421.50314474034377,13529.657461153065,-64005.95603492487,1257.2250551498116,100144.99998925057,449.6474132035749,2.8517652361010617,9423.590895008054,16.439965989340603,2941.634054599654,695.4933671163421,593.2694557503282,19043.114194109534,-85001.4659072958,699.6400211741977,100046.60200668138,632.8827659759448,4.013885140979466,13263.788684042205,23.139399543645858,4140.376308850656,978.9131505561041,171.76631100998435,5513.456732956468,-85335.90773961731,690.1502395930053,100096.97658002927,183.23535277236996,1.162119904878404,3840.197789034152,6.699433554305256,1198.7422542510008,283.41978343976194,421.50314474034377,13529.657461153065,-84865.1778617566,703.4997833724981,100046.60200668634,449.6474132035749,2.8517652361010617,9423.590895008054,16.439965989340603,2941.634054599654,695.4933671163421,509.49345770971485,28281.203349831645,46155.794578353656,677.1101932254467,26102689.38071601,28281.203349831645,509.49345770971485,28281.203349831645,42756.90259372529,667.0776344661581,26102689.38071601,28281.203349831645,509.49345770971485,28281.203349831645,38598.60125183515,661.8008013068825,26186745.269830495,28281.203349831645,55.25288497617016,1.1420892428787224,optimal,24.0,592500000.0
8,499.90172382534627,27748.78085773391,52897.01078892611,724.7731418264166,25944803.252576306,27748.78085773391,499.90172382534627,27748.78085773391,14836.187133070369,463.9624318501311,26922504.022951327,27748.78085773391,499.90172382534627,27748.78085773391,19504.129623107357,522.0736784093073,26176808.75823731,27748.78085773391,588.5313693987241,18900.407314434284,-54063.708566565096,1500.4607946341375,100145,619.7922640841306,3.9308622276433893,13179.369829384203,22.66078585753222,4097.402689003416,977.2508838773576,499.90172382534627,27748.78085773391,46266.403547600625,677.5640569912377,26101510.037815724,27748.78085773391,499.90172382534627,27748.78085773391,52897.01078892611,724.7731418264166,25944803.252576306,27748.78085773391,499.90174184061436,27748.781857733913,52897.009713681626,724.7731304775441,25944803.252576258,27748.781857733913,499.90172382534627,27748.78085773391,42855.05715482083,667.2687445793783,26101510.037815724,27748.78085773391,499.90172382534627,27748.78085773391,38743.085198675384,661.9256478791432,26176808.75823731,27748.78085773391,439.48762148175274,24395.286347211306,54170.983794382504,586.0073137676468,3676013.372741873,24395.286347211306,439.48762148175274,24395.286347211306,65859.82543101127,861.638254412661,3113230.751749275,24395.286347211306,499.90172382534627,27748.78085773391,19504.129623107357,522.0736784093073,26176808.75823731,27748.78085773391,164.93992459030372,5296.967875057798,-63798.4864595648,1258.158925048715,100144.99999563117,173.7010032347678,1.1016509112585962,3693.608155546971,6.3508395726076445,1148.3250098134806,273.88121597871185,588.5313693987241,18900.407314434284,-63798.48645956478,1258.158925048715,100144.99999563117,619.7922640841306,3.9308622276433893,13179.369829384203,22.66078585753222,4097.402689003416,977.2508838773576,423.5914448084205,13603.439439376485,-63798.48645956481,1258.158925048715,100144.99999563117,446.09126084936275,2.8292113163847934,9485.761673837233,16.309946284924575,2949.077679189935,703.3696678986457,588.5313693987242,18900.407314434284,-84922.6263182905,696.8473208562609,100144.99938488968,619.7922640841306,3.9308622276433898,13179.369829384204,22.660785857532222,4097.402689003416,977.2508838773575,164.93992459030372,5296.967875057798,-85339.52869270886,685.0004100429109,100144.99994894615,173.7010032347678,1.1016509112585962,3693.608155546971,6.3508395726076445,1148.3250098134806,273.88121597871185,423.5914448084205,13603.439439376485,-84760.29101373976,701.4494056263227,100144.99982506743,446.09126084936275,2.8292113163847934,9485.761673837233,16.309946284924575,2949.077679189935,703.3696678986457,499.90172382534627,27748.78085773391,46266.403547600625,677.5640569912377,26101510.037815724,27748.78085773391,499.90172382534627,27748.78085773391,42855.05715482083,667.2687445793783,26101510.037815724,27748.78085773391,499.90172382534627,27748.78085773391,38743.085198675384,661.9256478791432,26176808.75823731,27748.78085773391,54.518594248003495,1.1487585539674432,optimal,25.0,597500000.0
9,501.0155842043002,27810.60954543114,52915.774079419396,724.9784004136178,25946332.44932124,27810.60954543114,501.0155842043002,27810.60954543114,15261.865097235162,469.39895484397226,26920920.755911965,27810.60954543114,501.0155842043002,27810.60954543114,19942.94549177355,527.319397081506,26177707.44598212,27810.60954543114,583.9124977124069,18754.73548506791,-54151.996541328685,1497.368205350983,100145,609.4767771626085,3.865439084681966,13084.912048338087,22.283632005039063,4063.250720246573,970.9468682309227,501.0155842043002,27810.60954543114,46491.42972410663,678.5333987234442,26102605.73106365,27810.60954543114,501.0155842043002,27810.60954543114,52915.774079419396,724.9784004136178,25946332.44932124,27810.60954543114,501.01560221956817,27810.61054543114,52915.77300589072,724.9783890621127,25946332.449321315,27810.61054543114,501.0155842043002,27810.60954543114,43114.28600409059,667.8131776471955,26102605.73106365,27810.60954543114,501.0155842043002,27810.60954543114,39026.72586253662,662.2326503171496,26177707.44598212,27810.60954543114,438.2058383691445,24324.136525148806,54144.32469393912,585.462829850849,3677666.2897845157,24324.136525148806,438.2058383691445,24324.136525148806,65771.12062805404,859.4620470106688,3111382.5471020555,24324.136525148806,501.0155842043002,27810.60954543114,19942.94549177355,527.319397081506,26177707.44598212,27810.60954543114,163.4754991556805,5250.683547561764,-63678.38696113742,1260.221890557728,100144.99999740034,170.63262177259588,1.0821905444734832,3663.3271883894395,6.2386537011911205,1137.571026976279,271.83186617778443,583.9124977124069,18754.73548506791,-63678.38696113743,1260.221890557728,100144.99999740034,609.4767771626085,3.865439084681966,13084.912048338087,22.283632005039063,4063.250720246573,970.9468682309227,420.4369985567264,13504.051937506149,-63678.38696113743,1260.221890557728,100144.99999740034,438.8441553900126,2.783248540208483,9421.584859948647,16.044978303847945,2925.6796932702946,699.1150020531384,583.912497712407,18754.735485067915,-84819.14424120446,698.6396828002706,100096.97659128359,609.4767771626084,3.8654390846819653,13084.912048338088,22.283632005039063,4063.2507202465736,970.9468682309227,163.4754991556805,5250.683547561764,-85328.43272384813,684.1682506410184,100096.9765912888,170.63262177259588,1.0821905444734832,3663.3271883894395,6.2386537011911205,1137.571026976279,271.83186617778443,420.4369985567264,13504.051937506149,-84621.12125749889,704.2502744496019,100144.99994824332,438.8441553900126,2.783248540208483,9421.584859948647,16.044978303847945,2925.6796932702946,699.1150020531384,501.0155842043002,27810.60954543114,46491.42972410663,678.5333987234442,26102605.73106365,27810.60954543114,501.0155842043002,27810.60954543114,43114.28600409059,667.8131776471955,26102605.73106365,27810.60954543114,501.0155842043002,27810.60954543114,39026.72586253662,662.2326503171496,26177707.44598212,27810.60954543114,54.027625454771595,1.1502132651920378,optimal,25.0,597500000.0
10,499.74253376280694,27739.94446059903,52723.35510386631,722.9900616210315,25952198.751511376,27739.94446059903,499.74253376280694,27739.94446059903,14995.239027123876,465.99641904655954,26922557.69634778,27739.94446059903,499.74253376280694,27739.94446059903,19644.222502042037,523.7525168023803,26189953.54985355,27739.94446059903,577.6643277425163,18539.639584594832,-54362.89615147835,1499.6835152075348,100145,601.9937944195815,3.817980321610539,12923.910713718906,22.010039901133215,4038.412893654359,949.4941625792442,499.74253376280694,27739.94446059903,46182.47280411094,677.240000933054,26106998.060760144,27739.94446059903,499.74253376280694,27739.94446059903,52723.35510386631,722.9900616210315,25952198.751511376,27739.94446059903,499.7425517780749,27739.945460599025,52723.35403453945,722.9900505281157,25952198.751511328,27739.945460599025,499.74253376280694,27739.94446059903,42764.00696997807,667.1095825766595,26106998.060760144,27739.94446059903,499.74253376280694,27739.94446059903,38871.126422234236,662.1059247280197,26189953.54985355,27739.94446059903,440.3811109824045,24444.88258417274,54026.90006441777,582.97920155025,3676602.658976275,24444.88258417274,440.3811109824045,24444.88258417274,65480.03661643238,852.365772524504,3118863.9987025117,24444.88258417274,499.74253376280694,27739.94446059903,19644.222502042037,523.7525168023803,26189953.54985355,27739.94446059903,158.75839400751647,5095.214062171397,-64149.69437323541,1256.152853579691,100144.9999695484,165.44481529270251,1.049288306549829,3551.853923929839,6.048977613696061,1109.869373172696,260.9476838559128,577.6643277425163,18539.639584594832,-64149.6943732354,1256.152853579691,100144.9999695484,601.9937944195815,3.817980321610539,12923.910713718906,22.010039901133215,4038.412893654359,949.4941625792442,418.90593373499985,13444.425522423437,-64149.69437323538,1256.152853579691,100144.9999695484,436.548979126879,2.7686920150607093,9372.056789789065,15.961062287437155,2928.5435204816627,688.5464787233315,577.6643277425163,18539.639584594832,-85075.60647904688,700.4844201561074,99976.63457784918,601.9937944195816,3.817980321610538,12923.910713718906,22.01003990113322,4038.412893654359,949.4941625792443,158.75839400751647,5095.214062171397,-85343.75783524029,692.8804203082491,100144.99985477944,165.44481529270251,1.049288306549829,3551.853923929839,6.048977613696061,1109.869373172696,260.9476838559128,418.90593373499985,13444.425522423437,-84973.9815670275,703.3618783398692,99976.63457785067,436.548979126879,2.7686920150607093,9372.056789789065,15.961062287437155,2928.5435204816627,688.5464787233315,499.74253376280694,27739.94446059903,46182.47280411094,677.240000933054,26106998.060760144,27739.94446059903,499.74253376280694,27739.94446059903,42764.00696997807,667.1095825766595,26106998.060760144,27739.94446059903,499.74253376280694,27739.94446059903,38871.126422234236,662.1059247280197,26189953.54985355,27739.94446059903,53.98341923197099,1.1378496019526008,optimal,24.0,592500000.0
11,500.34752753441217,27773.526740452162,53772.65348298314,734.4576427639196,25955005.68361197,27773.526740452162,500.34752753441217,27773.526740452162,15273.389718152584,469.54554364202005,26923237.430645272,27773.526740452162,500.34752753441217,27773.526740452162,20073.34152779234,528.8689231928214,26213267.72151677,27773.526740452162,578.9868977075595,18561.27380756654,-54442.795323752776,1507.852371182627,100145,612.0645332551261,3.8818512170493538,12913.715500588753,22.378245297366487,4072.1208088380577,937.112868370188,500.34752753441217,27773.526740452162,47011.25156791002,680.9419701626107,26107757.378039002,27773.526740452162,500.34752753441217,27773.526740452162,53772.65348298314,734.4576427639196,25955005.68361197,27773.526740452162,500.3475455496802,27773.527740452166,53772.65237716873,734.4576300949235,25955005.683612037,27773.527740452166,500.34752753441217,27773.526740452162,43510.40221947053,668.725556444027,26107757.378039002,27773.526740452162,500.34752753441217,27773.526740452162,39582.73140635905,662.9517687568598,26213267.72151677,27773.526740452162,430.88280859858946,23917.646331910768,53955.88834522086,581.492402476766,3676610.4785816725,23917.646331910768,430.88280859858946,23917.646331910768,65745.9677088402,858.8700391834166,3117750.4211006495,23917.646331910768,500.34752753441217,27773.526740452162,20073.34152779234,528.8689231928214,26213267.72151677,27773.526740452162,160.0123529457078,5129.7069197555375,-64559.987647841874,1256.4094321801697,100144.99999299919,169.15389019776504,1.0728120955492852,3568.913235691838,6.184588457883302,1125.3961612624744,258.9862320500268,578.9868977075595,18561.27380756654,-64559.987647841874,1256.4094321801697,100144.99999299919,612.0645332551261,3.8818512170493538,12913.715500588753,22.378245297366487,4072.1208088380577,937.112868370188,418.9745447618517,13431.566887811006,-64559.98764784188,1256.4094321801697,100144.99999299919,442.910643057361,2.8090391215000685,9344.802264896916,16.193656839483182,2946.7246475755833,678.1266363201612,578.9868977075595,18561.273807566544,-85629.45857178402,697.1558777432806,100096.97678180563,612.0645332551261,3.8818512170493538,12913.715500588754,22.378245297366487,4072.1208088380586,937.1128683701879,160.0123529457078,5129.7069197555375,-85825.38780852857,691.6002794822003,100096.97678181084,169.15389019776504,1.0728120955492852,3568.913235691838,6.184588457883302,1125.3961612624744,258.9862320500268,418.9745447618517,13431.566887811006,-85554.63040244936,699.275294592217,100144.99997707865,442.910643057361,2.8090391215000685,9344.802264896916,16.193656839483182,2946.7246475755833,678.1266363201612,500.34752753441217,27773.526740452162,47011.25156791002,680.9419701626107,26107757.378039002,27773.526740452162,500.34752753441217,27773.526740452162,43510.40221947053,668.725556444027,26107757.378039002,27773.526740452162,500.34752753441217,27773.526740452162,39582.73140635905,662.9517687568598,26213267.72151677,27773.526740452162,54.822533122802184,1.1217032398473248,optimal,23.0,587500000.0
12,,,,,,,,,,,,,,,,,,,,,,,,,,,,,,,,,,,,,,,,,,,,,,,,,,,,,,,,,,,,,,,,,,,,,,,,,,,,,,,,,,,,,,,,,,,,,,,,,,,,,,,,,,,,,,,,,,,,,,,,,,,,,,,,,,,,,,,,,,,,,,,,,,,,,,,,,,,,,,,,,,,,,,
13,,,,,,,,,,,,,,,,,,,,,,,,,,,,,,,,,,,,,,,,,,,,,,,,,,,,,,,,,,,,,,,,,,,,,,,,,,,,,,,,,,,,,,,,,,,,,,,,,,,,,,,,,,,,,,,,,,,,,,,,,,,,,,,,,,,,,,,,,,,,,,,,,,,,,,,,,,,,,,,,,,,,,,
14,,,,,,,,,,,,,,,,,,,,,,,,,,,,,,,,,,,,,,,,,,,,,,,,,,,,,,,,,,,,,,,,,,,,,,,,,,,,,,,,,,,,,,,,,,,,,,,,,,,,,,,,,,,,,,,,,,,,,,,,,,,,,,,,,,,,,,,,,,,,,,,,,,,,,,,,,,,,,,,,,,,,,,
15,,,,,,,,,,,,,,,,,,,,,,,,,,,,,,,,,,,,,,,,,,,,,,,,,,,,,,,,,,,,,,,,,,,,,,,,,,,,,,,,,,,,,,,,,,,,,,,,,,,,,,,,,,,,,,,,,,,,,,,,,,,,,,,,,,,,,,,,,,,,,,,,,,,,,,,,,,,,,,,,,,,,,,
16,,,,,,,,,,,,,,,,,,,,,,,,,,,,,,,,,,,,,,,,,,,,,,,,,,,,,,,,,,,,,,,,,,,,,,,,,,,,,,,,,,,,,,,,,,,,,,,,,,,,,,,,,,,,,,,,,,,,,,,,,,,,,,,,,,,,,,,,,,,,,,,,,,,,,,,,,,,,,,,,,,,,,,
17,,,,,,,,,,,,,,,,,,,,,,,,,,,,,,,,,,,,,,,,,,,,,,,,,,,,,,,,,,,,,,,,,,,,,,,,,,,,,,,,,,,,,,,,,,,,,,,,,,,,,,,,,,,,,,,,,,,,,,,,,,,,,,,,,,,,,,,,,,,,,,,,,,,,,,,,,,,,,,,,,,,,,,
18,,,,,,,,,,,,,,,,,,,,,,,,,,,,,,,,,,,,,,,,,,,,,,,,,,,,,,,,,,,,,,,,,,,,,,,,,,,,,,,,,,,,,,,,,,,,,,,,,,,,,,,,,,,,,,,,,,,,,,,,,,,,,,,,,,,,,,,,,,,,,,,,,,,,,,,,,,,,,,,,,,,,,,
19,,,,,,,,,,,,,,,,,,,,,,,,,,,,,,,,,,,,,,,,,,,,,,,,,,,,,,,,,,,,,,,,,,,,,,,,,,,,,,,,,,,,,,,,,,,,,,,,,,,,,,,,,,,,,,,,,,,,,,,,,,,,,,,,,,,,,,,,,,,,,,,,,,,,,,,,,,,,,,,,,,,,,,
20,,,,,,,,,,,,,,,,,,,,,,,,,,,,,,,,,,,,,,,,,,,,,,,,,,,,,,,,,,,,,,,,,,,,,,,,,,,,,,,,,,,,,,,,,,,,,,,,,,,,,,,,,,,,,,,,,,,,,,,,,,,,,,,,,,,,,,,,,,,,,,,,,,,,,,,,,,,,,,,,,,,,,,
21,,,,,,,,,,,,,,,,,,,,,,,,,,,,,,,,,,,,,,,,,,,,,,,,,,,,,,,,,,,,,,,,,,,,,,,,,,,,,,,,,,,,,,,,,,,,,,,,,,,,,,,,,,,,,,,,,,,,,,,,,,,,,,,,,,,,,,,,,,,,,,,,,,,,,,,,,,,,,,,,,,,,,,
22,,,,,,,,,,,,,,,,,,,,,,,,,,,,,,,,,,,,,,,,,,,,,,,,,,,,,,,,,,,,,,,,,,,,,,,,,,,,,,,,,,,,,,,,,,,,,,,,,,,,,,,,,,,,,,,,,,,,,,,,,,,,,,,,,,,,,,,,,,,,,,,,,,,,,,,,,,,,,,,,,,,,,,
23,,,,,,,,,,,,,,,,,,,,,,,,,,,,,,,,,,,,,,,,,,,,,,,,,,,,,,,,,,,,,,,,,,,,,,,,,,,,,,,,,,,,,,,,,,,,,,,,,,,,,,,,,,,,,,,,,,,,,,,,,,,,,,,,,,,,,,,,,,,,,,,,,,,,,,,,,,,,,,,,,,,,,,
24,,,,,,,,,,,,,,,,,,,,,,,,,,,,,,,,,,,,,,,,,,,,,,,,,,,,,,,,,,,,,,,,,,,,,,,,,,,,,,,,,,,,,,,,,,,,,,,,,,,,,,,,,,,,,,,,,,,,,,,,,,,,,,,,,,,,,,,,,,,,,,,,,,,,,,,,,,,,,,,,,,,,,,
25,,,,,,,,,,,,,,,,,,,,,,,,,,,,,,,,,,,,,,,,,,,,,,,,,,,,,,,,,,,,,,,,,,,,,,,,,,,,,,,,,,,,,,,,,,,,,,,,,,,,,,,,,,,,,,,,,,,,,,,,,,,,,,,,,,,,,,,,,,,,,,,,,,,,,,,,,,,,,,,,,,,,,,
26,,,,,,,,,,,,,,,,,,,,,,,,,,,,,,,,,,,,,,,,,,,,,,,,,,,,,,,,,,,,,,,,,,,,,,,,,,,,,,,,,,,,,,,,,,,,,,,,,,,,,,,,,,,,,,,,,,,,,,,,,,,,,,,,,,,,,,,,,,,,,,,,,,,,,,,,,,,,,,,,,,,,,,
27,,,,,,,,,,,,,,,,,,,,,,,,,,,,,,,,,,,,,,,,,,,,,,,,,,,,,,,,,,,,,,,,,,,,,,,,,,,,,,,,,,,,,,,,,,,,,,,,,,,,,,,,,,,,,,,,,,,,,,,,,,,,,,,,,,,,,,,,,,,,,,,,,,,,,,,,,,,,,,,,,,,,,,
28,,,,,,,,,,,,,,,,,,,,,,,,,,,,,,,,,,,,,,,,,,,,,,,,,,,,,,,,,,,,,,,,,,,,,,,,,,,,,,,,,,,,,,,,,,,,,,,,,,,,,,,,,,,,,,,,,,,,,,,,,,,,,,,,,,,,,,,,,,,,,,,,,,,,,,,,,,,,,,,,,,,,,,
29,,,,,,,,,,,,,,,,,,,,,,,,,,,,,,,,,,,,,,,,,,,,,,,,,,,,,,,,,,,,,,,,,,,,,,,,,,,,,,,,,,,,,,,,,,,,,,,,,,,,,,,,,,,,,,,,,,,,,,,,,,,,,,,,,,,,,,,,,,,,,,,,,,,,,,,,,,,,,,,,,,,,,,
30,,,,,,,,,,,,,,,,,,,,,,,,,,,,,,,,,,,,,,,,,,,,,,,,,,,,,,,,,,,,,,,,,,,,,,,,,,,,,,,,,,,,,,,,,,,,,,,,,,,,,,,,,,,,,,,,,,,,,,,,,,,,,,,,,,,,,,,,,,,,,,,,,,,,,,,,,,,,,,,,,,,,,,
31,,,,,,,,,,,,,,,,,,,,,,,,,,,,,,,,,,,,,,,,,,,,,,,,,,,,,,,,,,,,,,,,,,,,,,,,,,,,,,,,,,,,,,,,,,,,,,,,,,,,,,,,,,,,,,,,,,,,,,,,,,,,,,,,,,,,,,,,,,,,,,,,,,,,,,,,,,,,,,,,,,,,,,
32,,,,,,,,,,,,,,,,,,,,,,,,,,,,,,,,,,,,,,,,,,,,,,,,,,,,,,,,,,,,,,,,,,,,,,,,,,,,,,,,,,,,,,,,,,,,,,,,,,,,,,,,,,,,,,,,,,,,,,,,,,,,,,,,,,,,,,,,,,,,,,,,,,,,,,,,,,,,,,,,,,,,,,
33,,,,,,,,,,,,,,,,,,,,,,,,,,,,,,,,,,,,,,,,,,,,,,,,,,,,,,,,,,,,,,,,,,,,,,,,,,,,,,,,,,,,,,,,,,,,,,,,,,,,,,,,,,,,,,,,,,,,,,,,,,,,,,,,,,,,,,,,,,,,,,,,,,,,,,,,,,,,,,,,,,,,,,
34,,,,,,,,,,,,,,,,,,,,,,,,,,,,,,,,,,,,,,,,,,,,,,,,,,,,,,,,,,,,,,,,,,,,,,,,,,,,,,,,,,,,,,,,,,,,,,,,,,,,,,,,,,,,,,,,,,,,,,,,,,,,,,,,,,,,,,,,,,,,,,,,,,,,,,,,,,,,,,,,,,,,,,
35,,,,,,,,,,,,,,,,,,,,,,,,,,,,,,,,,,,,,,,,,,,,,,,,,,,,,,,,,,,,,,,,,,,,,,,,,,,,,,,,,,,,,,,,,,,,,,,,,,,,,,,,,,,,,,,,,,,,,,,,,,,,,,,,,,,,,,,,,,,,,,,,,,,,,,,,,,,,,,,,,,,,,,
36,,,,,,,,,,,,,,,,,,,,,,,,,,,,,,,,,,,,,,,,,,,,,,,,,,,,,,,,,,,,,,,,,,,,,,,,,,,,,,,,,,,,,,,,,,,,,,,,,,,,,,,,,,,,,,,,,,,,,,,,,,,,,,,,,,,,,,,,,,,,,,,,,,,,,,,,,,,,,,,,,,,,,,
37,,,,,,,,,,,,,,,,,,,,,,,,,,,,,,,,,,,,,,,,,,,,,,,,,,,,,,,,,,,,,,,,,,,,,,,,,,,,,,,,,,,,,,,,,,,,,,,,,,,,,,,,,,,,,,,,,,,,,,,,,,,,,,,,,,,,,,,,,,,,,,,,,,,,,,,,,,,,,,,,,,,,,,
38,,,,,,,,,,,,,,,,,,,,,,,,,,,,,,,,,,,,,,,,,,,,,,,,,,,,,,,,,,,,,,,,,,,,,,,,,,,,,,,,,,,,,,,,,,,,,,,,,,,,,,,,,,,,,,,,,,,,,,,,,,,,,,,,,,,,,,,,,,,,,,,,,,,,,,,,,,,,,,,,,,,,,,
39,,,,,,,,,,,,,,,,,,,,,,,,,,,,,,,,,,,,,,,,,,,,,,,,,,,,,,,,,,,,,,,,,,,,,,,,,,,,,,,,,,,,,,,,,,,,,,,,,,,,,,,,,,,,,,,,,,,,,,,,,,,,,,,,,,,,,,,,,,,,,,,,,,,,,,,,,,,,,,,,,,,,,,
40,,,,,,,,,,,,,,,,,,,,,,,,,,,,,,,,,,,,,,,,,,,,,,,,,,,,,,,,,,,,,,,,,,,,,,,,,,,,,,,,,,,,,,,,,,,,,,,,,,,,,,,,,,,,,,,,,,,,,,,,,,,,,,,,,,,,,,,,,,,,,,,,,,,,,,,,,,,,,,,,,,,,,,
41,,,,,,,,,,,,,,,,,,,,,,,,,,,,,,,,,,,,,,,,,,,,,,,,,,,,,,,,,,,,,,,,,,,,,,,,,,,,,,,,,,,,,,,,,,,,,,,,,,,,,,,,,,,,,,,,,,,,,,,,,,,,,,,,,,,,,,,,,,,,,,,,,,,,,,,,,,,,,,,,,,,,,,
42,,,,,,,,,,,,,,,,,,,,,,,,,,,,,,,,,,,,,,,,,,,,,,,,,,,,,,,,,,,,,,,,,,,,,,,,,,,,,,,,,,,,,,,,,,,,,,,,,,,,,,,,,,,,,,,,,,,,,,,,,,,,,,,,,,,,,,,,,,,,,,,,,,,,,,,,,,,,,,,,,,,,,,
43,,,,,,,,,,,,,,,,,,,,,,,,,,,,,,,,,,,,,,,,,,,,,,,,,,,,,,,,,,,,,,,,,,,,,,,,,,,,,,,,,,,,,,,,,,,,,,,,,,,,,,,,,,,,,,,,,,,,,,,,,,,,,,,,,,,,,,,,,,,,,,,,,,,,,,,,,,,,,,,,,,,,,,
44,,,,,,,,,,,,,,,,,,,,,,,,,,,,,,,,,,,,,,,,,,,,,,,,,,,,,,,,,,,,,,,,,,,,,,,,,,,,,,,,,,,,,,,,,,,,,,,,,,,,,,,,,,,,,,,,,,,,,,,,,,,,,,,,,,,,,,,,,,,,,,,,,,,,,,,,,,,,,,,,,,,,,,
45,,,,,,,,,,,,,,,,,,,,,,,,,,,,,,,,,,,,,,,,,,,,,,,,,,,,,,,,,,,,,,,,,,,,,,,,,,,,,,,,,,,,,,,,,,,,,,,,,,,,,,,,,,,,,,,,,,,,,,,,,,,,,,,,,,,,,,,,,,,,,,,,,,,,,,,,,,,,,,,,,,,,,,
46,,,,,,,,,,,,,,,,,,,,,,,,,,,,,,,,,,,,,,,,,,,,,,,,,,,,,,,,,,,,,,,,,,,,,,,,,,,,,,,,,,,,,,,,,,,,,,,,,,,,,,,,,,,,,,,,,,,,,,,,,,,,,,,,,,,,,,,,,,,,,,,,,,,,,,,,,,,,,,,,,,,,,,
47,,,,,,,,,,,,,,,,,,,,,,,,,,,,,,,,,,,,,,,,,,,,,,,,,,,,,,,,,,,,,,,,,,,,,,,,,,,,,,,,,,,,,,,,,,,,,,,,,,,,,,,,,,,,,,,,,,,,,,,,,,,,,,,,,,,,,,,,,,,,,,,,,,,,,,,,,,,,,,,,,,,,,,
48,,,,,,,,,,,,,,,,,,,,,,,,,,,,,,,,,,,,,,,,,,,,,,,,,,,,,,,,,,,,,,,,,,,,,,,,,,,,,,,,,,,,,,,,,,,,,,,,,,,,,,,,,,,,,,,,,,,,,,,,,,,,,,,,,,,,,,,,,,,,,,,,,,,,,,,,,,,,,,,,,,,,,,
49,,,,,,,,,,,,,,,,,,,,,,,,,,,,,,,,,,,,,,,,,,,,,,,,,,,,,,,,,,,,,,,,,,,,,,,,,,,,,,,,,,,,,,,,,,,,,,,,,,,,,,,,,,,,,,,,,,,,,,,,,,,,,,,,,,,,,,,,,,,,,,,,,,,,,,,,,,,,,,,,,,,,,,
50,,,,,,,,,,,,,,,,,,,,,,,,,,,,,,,,,,,,,,,,,,,,,,,,,,,,,,,,,,,,,,,,,,,,,,,,,,,,,,,,,,,,,,,,,,,,,,,,,,,,,,,,,,,,,,,,,,,,,,,,,,,,,,,,,,,,,,,,,,,,,,,,,,,,,,,,,,,,,,,,,,,,,,
51,,,,,,,,,,,,,,,,,,,,,,,,,,,,,,,,,,,,,,,,,,,,,,,,,,,,,,,,,,,,,,,,,,,,,,,,,,,,,,,,,,,,,,,,,,,,,,,,,,,,,,,,,,,,,,,,,,,,,,,,,,,,,,,,,,,,,,,,,,,,,,,,,,,,,,,,,,,,,,,,,,,,,,
52,,,,,,,,,,,,,,,,,,,,,,,,,,,,,,,,,,,,,,,,,,,,,,,,,,,,,,,,,,,,,,,,,,,,,,,,,,,,,,,,,,,,,,,,,,,,,,,,,,,,,,,,,,,,,,,,,,,,,,,,,,,,,,,,,,,,,,,,,,,,,,,,,,,,,,,,,,,,,,,,,,,,,,
53,,,,,,,,,,,,,,,,,,,,,,,,,,,,,,,,,,,,,,,,,,,,,,,,,,,,,,,,,,,,,,,,,,,,,,,,,,,,,,,,,,,,,,,,,,,,,,,,,,,,,,,,,,,,,,,,,,,,,,,,,,,,,,,,,,,,,,,,,,,,,,,,,,,,,,,,,,,,,,,,,,,,,,
54,,,,,,,,,,,,,,,,,,,,,,,,,,,,,,,,,,,,,,,,,,,,,,,,,,,,,,,,,,,,,,,,,,,,,,,,,,,,,,,,,,,,,,,,,,,,,,,,,,,,,,,,,,,,,,,,,,,,,,,,,,,,,,,,,,,,,,,,,,,,,,,,,,,,,,,,,,,,,,,,,,,,,,
55,,,,,,,,,,,,,,,,,,,,,,,,,,,,,,,,,,,,,,,,,,,,,,,,,,,,,,,,,,,,,,,,,,,,,,,,,,,,,,,,,,,,,,,,,,,,,,,,,,,,,,,,,,,,,,,,,,,,,,,,,,,,,,,,,,,,,,,,,,,,,,,,,,,,,,,,,,,,,,,,,,,,,,
56,,,,,,,,,,,,,,,,,,,,,,,,,,,,,,,,,,,,,,,,,,,,,,,,,,,,,,,,,,,,,,,,,,,,,,,,,,,,,,,,,,,,,,,,,,,,,,,,,,,,,,,,,,,,,,,,,,,,,,,,,,,,,,,,,,,,,,,,,,,,,,,,,,,,,,,,,,,,,,,,,,,,,,
57,,,,,,,,,,,,,,,,,,,,,,,,,,,,,,,,,,,,,,,,,,,,,,,,,,,,,,,,,,,,,,,,,,,,,,,,,,,,,,,,,,,,,,,,,,,,,,,,,,,,,,,,,,,,,,,,,,,,,,,,,,,,,,,,,,,,,,,,,,,,,,,,,,,,,,,,,,,,,,,,,,,,,,
58,,,,,,,,,,,,,,,,,,,,,,,,,,,,,,,,,,,,,,,,,,,,,,,,,,,,,,,,,,,,,,,,,,,,,,,,,,,,,,,,,,,,,,,,,,,,,,,,,,,,,,,,,,,,,,,,,,,,,,,,,,,,,,,,,,,,,,,,,,,,,,,,,,,,,,,,,,,,,,,,,,,,,,
59,,,,,,,,,,,,,,,,,,,,,,,,,,,,,,,,,,,,,,,,,,,,,,,,,,,,,,,,,,,,,,,,,,,,,,,,,,,,,,,,,,,,,,,,,,,,,,,,,,,,,,,,,,,,,,,,,,,,,,,,,,,,,,,,,,,,,,,,,,,,,,,,,,,,,,,,,,,,,,,,,,,,,,
60,,,,,,,,,,,,,,,,,,,,,,,,,,,,,,,,,,,,,,,,,,,,,,,,,,,,,,,,,,,,,,,,,,,,,,,,,,,,,,,,,,,,,,,,,,,,,,,,,,,,,,,,,,,,,,,,,,,,,,,,,,,,,,,,,,,,,,,,,,,,,,,,,,,,,,,,,,,,,,,,,,,,,,
61,,,,,,,,,,,,,,,,,,,,,,,,,,,,,,,,,,,,,,,,,,,,,,,,,,,,,,,,,,,,,,,,,,,,,,,,,,,,,,,,,,,,,,,,,,,,,,,,,,,,,,,,,,,,,,,,,,,,,,,,,,,,,,,,,,,,,,,,,,,,,,,,,,,,,,,,,,,,,,,,,,,,,,
62,,,,,,,,,,,,,,,,,,,,,,,,,,,,,,,,,,,,,,,,,,,,,,,,,,,,,,,,,,,,,,,,,,,,,,,,,,,,,,,,,,,,,,,,,,,,,,,,,,,,,,,,,,,,,,,,,,,,,,,,,,,,,,,,,,,,,,,,,,,,,,,,,,,,,,,,,,,,,,,,,,,,,,
63,,,,,,,,,,,,,,,,,,,,,,,,,,,,,,,,,,,,,,,,,,,,,,,,,,,,,,,,,,,,,,,,,,,,,,,,,,,,,,,,,,,,,,,,,,,,,,,,,,,,,,,,,,,,,,,,,,,,,,,,,,,,,,,,,,,,,,,,,,,,,,,,,,,,,,,,,,,,,,,,,,,,,,
64,,,,,,,,,,,,,,,,,,,,,,,,,,,,,,,,,,,,,,,,,,,,,,,,,,,,,,,,,,,,,,,,,,,,,,,,,,,,,,,,,,,,,,,,,,,,,,,,,,,,,,,,,,,,,,,,,,,,,,,,,,,,,,,,,,,,,,,,,,,,,,,,,,,,,,,,,,,,,,,,,,,,,,
65,,,,,,,,,,,,,,,,,,,,,,,,,,,,,,,,,,,,,,,,,,,,,,,,,,,,,,,,,,,,,,,,,,,,,,,,,,,,,,,,,,,,,,,,,,,,,,,,,,,,,,,,,,,,,,,,,,,,,,,,,,,,,,,,,,,,,,,,,,,,,,,,,,,,,,,,,,,,,,,,,,,,,,
66,,,,,,,,,,,,,,,,,,,,,,,,,,,,,,,,,,,,,,,,,,,,,,,,,,,,,,,,,,,,,,,,,,,,,,,,,,,,,,,,,,,,,,,,,,,,,,,,,,,,,,,,,,,,,,,,,,,,,,,,,,,,,,,,,,,,,,,,,,,,,,,,,,,,,,,,,,,,,,,,,,,,,,
67,,,,,,,,,,,,,,,,,,,,,,,,,,,,,,,,,,,,,,,,,,,,,,,,,,,,,,,,,,,,,,,,,,,,,,,,,,,,,,,,,,,,,,,,,,,,,,,,,,,,,,,,,,,,,,,,,,,,,,,,,,,,,,,,,,,,,,,,,,,,,,,,,,,,,,,,,,,,,,,,,,,,,,
68,,,,,,,,,,,,,,,,,,,,,,,,,,,,,,,,,,,,,,,,,,,,,,,,,,,,,,,,,,,,,,,,,,,,,,,,,,,,,,,,,,,,,,,,,,,,,,,,,,,,,,,,,,,,,,,,,,,,,,,,,,,,,,,,,,,,,,,,,,,,,,,,,,,,,,,,,,,,,,,,,,,,,,
69,,,,,,,,,,,,,,,,,,,,,,,,,,,,,,,,,,,,,,,,,,,,,,,,,,,,,,,,,,,,,,,,,,,,,,,,,,,,,,,,,,,,,,,,,,,,,,,,,,,,,,,,,,,,,,,,,,,,,,,,,,,,,,,,,,,,,,,,,,,,,,,,,,,,,,,,,,,,,,,,,,,,,,
70,,,,,,,,,,,,,,,,,,,,,,,,,,,,,,,,,,,,,,,,,,,,,,,,,,,,,,,,,,,,,,,,,,,,,,,,,,,,,,,,,,,,,,,,,,,,,,,,,,,,,,,,,,,,,,,,,,,,,,,,,,,,,,,,,,,,,,,,,,,,,,,,,,,,,,,,,,,,,,,,,,,,,,
71,,,,,,,,,,,,,,,,,,,,,,,,,,,,,,,,,,,,,,,,,,,,,,,,,,,,,,,,,,,,,,,,,,,,,,,,,,,,,,,,,,,,,,,,,,,,,,,,,,,,,,,,,,,,,,,,,,,,,,,,,,,,,,,,,,,,,,,,,,,,,,,,,,,,,,,,,,,,,,,,,,,,,,
72,,,,,,,,,,,,,,,,,,,,,,,,,,,,,,,,,,,,,,,,,,,,,,,,,,,,,,,,,,,,,,,,,,,,,,,,,,,,,,,,,,,,,,,,,,,,,,,,,,,,,,,,,,,,,,,,,,,,,,,,,,,,,,,,,,,,,,,,,,,,,,,,,,,,,,,,,,,,,,,,,,,,,,
73,,,,,,,,,,,,,,,,,,,,,,,,,,,,,,,,,,,,,,,,,,,,,,,,,,,,,,,,,,,,,,,,,,,,,,,,,,,,,,,,,,,,,,,,,,,,,,,,,,,,,,,,,,,,,,,,,,,,,,,,,,,,,,,,,,,,,,,,,,,,,,,,,,,,,,,,,,,,,,,,,,,,,,
74,,,,,,,,,,,,,,,,,,,,,,,,,,,,,,,,,,,,,,,,,,,,,,,,,,,,,,,,,,,,,,,,,,,,,,,,,,,,,,,,,,,,,,,,,,,,,,,,,,,,,,,,,,,,,,,,,,,,,,,,,,,,,,,,,,,,,,,,,,,,,,,,,,,,,,,,,,,,,,,,,,,,,,
75,,,,,,,,,,,,,,,,,,,,,,,,,,,,,,,,,,,,,,,,,,,,,,,,,,,,,,,,,,,,,,,,,,,,,,,,,,,,,,,,,,,,,,,,,,,,,,,,,,,,,,,,,,,,,,,,,,,,,,,,,,,,,,,,,,,,,,,,,,,,,,,,,,,,,,,,,,,,,,,,,,,,,,
76,,,,,,,,,,,,,,,,,,,,,,,,,,,,,,,,,,,,,,,,,,,,,,,,,,,,,,,,,,,,,,,,,,,,,,,,,,,,,,,,,,,,,,,,,,,,,,,,,,,,,,,,,,,,,,,,,,,,,,,,,,,,,,,,,,,,,,,,,,,,,,,,,,,,,,,,,,,,,,,,,,,,,,
77,,,,,,,,,,,,,,,,,,,,,,,,,,,,,,,,,,,,,,,,,,,,,,,,,,,,,,,,,,,,,,,,,,,,,,,,,,,,,,,,,,,,,,,,,,,,,,,,,,,,,,,,,,,,,,,,,,,,,,,,,,,,,,,,,,,,,,,,,,,,,,,,,,,,,,,,,,,,,,,,,,,,,,
78,,,,,,,,,,,,,,,,,,,,,,,,,,,,,,,,,,,,,,,,,,,,,,,,,,,,,,,,,,,,,,,,,,,,,,,,,,,,,,,,,,,,,,,,,,,,,,,,,,,,,,,,,,,,,,,,,,,,,,,,,,,,,,,,,,,,,,,,,,,,,,,,,,,,,,,,,,,,,,,,,,,,,,
79,,,,,,,,,,,,,,,,,,,,,,,,,,,,,,,,,,,,,,,,,,,,,,,,,,,,,,,,,,,,,,,,,,,,,,,,,,,,,,,,,,,,,,,,,,,,,,,,,,,,,,,,,,,,,,,,,,,,,,,,,,,,,,,,,,,,,,,,,,,,,,,,,,,,,,,,,,,,,,,,,,,,,,
80,,,,,,,,,,,,,,,,,,,,,,,,,,,,,,,,,,,,,,,,,,,,,,,,,,,,,,,,,,,,,,,,,,,,,,,,,,,,,,,,,,,,,,,,,,,,,,,,,,,,,,,,,,,,,,,,,,,,,,,,,,,,,,,,,,,,,,,,,,,,,,,,,,,,,,,,,,,,,,,,,,,,,,
81,,,,,,,,,,,,,,,,,,,,,,,,,,,,,,,,,,,,,,,,,,,,,,,,,,,,,,,,,,,,,,,,,,,,,,,,,,,,,,,,,,,,,,,,,,,,,,,,,,,,,,,,,,,,,,,,,,,,,,,,,,,,,,,,,,,,,,,,,,,,,,,,,,,,,,,,,,,,,,,,,,,,,,
82,,,,,,,,,,,,,,,,,,,,,,,,,,,,,,,,,,,,,,,,,,,,,,,,,,,,,,,,,,,,,,,,,,,,,,,,,,,,,,,,,,,,,,,,,,,,,,,,,,,,,,,,,,,,,,,,,,,,,,,,,,,,,,,,,,,,,,,,,,,,,,,,,,,,,,,,,,,,,,,,,,,,,,
83,,,,,,,,,,,,,,,,,,,,,,,,,,,,,,,,,,,,,,,,,,,,,,,,,,,,,,,,,,,,,,,,,,,,,,,,,,,,,,,,,,,,,,,,,,,,,,,,,,,,,,,,,,,,,,,,,,,,,,,,,,,,,,,,,,,,,,,,,,,,,,,,,,,,,,,,,,,,,,,,,,,,,,
84,,,,,,,,,,,,,,,,,,,,,,,,,,,,,,,,,,,,,,,,,,,,,,,,,,,,,,,,,,,,,,,,,,,,,,,,,,,,,,,,,,,,,,,,,,,,,,,,,,,,,,,,,,,,,,,,,,,,,,,,,,,,,,,,,,,,,,,,,,,,,,,,,,,,,,,,,,,,,,,,,,,,,,
85,,,,,,,,,,,,,,,,,,,,,,,,,,,,,,,,,,,,,,,,,,,,,,,,,,,,,,,,,,,,,,,,,,,,,,,,,,,,,,,,,,,,,,,,,,,,,,,,,,,,,,,,,,,,,,,,,,,,,,,,,,,,,,,,,,,,,,,,,,,,,,,,,,,,,,,,,,,,,,,,,,,,,,
86,,,,,,,,,,,,,,,,,,,,,,,,,,,,,,,,,,,,,,,,,,,,,,,,,,,,,,,,,,,,,,,,,,,,,,,,,,,,,,,,,,,,,,,,,,,,,,,,,,,,,,,,,,,,,,,,,,,,,,,,,,,,,,,,,,,,,,,,,,,,,,,,,,,,,,,,,,,,,,,,,,,,,,
87,,,,,,,,,,,,,,,,,,,,,,,,,,,,,,,,,,,,,,,,,,,,,,,,,,,,,,,,,,,,,,,,,,,,,,,,,,,,,,,,,,,,,,,,,,,,,,,,,,,,,,,,,,,,,,,,,,,,,,,,,,,,,,,,,,,,,,,,,,,,,,,,,,,,,,,,,,,,,,,,,,,,,,
88,,,,,,,,,,,,,,,,,,,,,,,,,,,,,,,,,,,,,,,,,,,,,,,,,,,,,,,,,,,,,,,,,,,,,,,,,,,,,,,,,,,,,,,,,,,,,,,,,,,,,,,,,,,,,,,,,,,,,,,,,,,,,,,,,,,,,,,,,,,,,,,,,,,,,,,,,,,,,,,,,,,,,,
89,,,,,,,,,,,,,,,,,,,,,,,,,,,,,,,,,,,,,,,,,,,,,,,,,,,,,,,,,,,,,,,,,,,,,,,,,,,,,,,,,,,,,,,,,,,,,,,,,,,,,,,,,,,,,,,,,,,,,,,,,,,,,,,,,,,,,,,,,,,,,,,,,,,,,,,,,,,,,,,,,,,,,,
90,,,,,,,,,,,,,,,,,,,,,,,,,,,,,,,,,,,,,,,,,,,,,,,,,,,,,,,,,,,,,,,,,,,,,,,,,,,,,,,,,,,,,,,,,,,,,,,,,,,,,,,,,,,,,,,,,,,,,,,,,,,,,,,,,,,,,,,,,,,,,,,,,,,,,,,,,,,,,,,,,,,,,,
91,,,,,,,,,,,,,,,,,,,,,,,,,,,,,,,,,,,,,,,,,,,,,,,,,,,,,,,,,,,,,,,,,,,,,,,,,,,,,,,,,,,,,,,,,,,,,,,,,,,,,,,,,,,,,,,,,,,,,,,,,,,,,,,,,,,,,,,,,,,,,,,,,,,,,,,,,,,,,,,,,,,,,,
92,,,,,,,,,,,,,,,,,,,,,,,,,,,,,,,,,,,,,,,,,,,,,,,,,,,,,,,,,,,,,,,,,,,,,,,,,,,,,,,,,,,,,,,,,,,,,,,,,,,,,,,,,,,,,,,,,,,,,,,,,,,,,,,,,,,,,,,,,,,,,,,,,,,,,,,,,,,,,,,,,,,,,,
93,,,,,,,,,,,,,,,,,,,,,,,,,,,,,,,,,,,,,,,,,,,,,,,,,,,,,,,,,,,,,,,,,,,,,,,,,,,,,,,,,,,,,,,,,,,,,,,,,,,,,,,,,,,,,,,,,,,,,,,,,,,,,,,,,,,,,,,,,,,,,,,,,,,,,,,,,,,,,,,,,,,,,,
94,,,,,,,,,,,,,,,,,,,,,,,,,,,,,,,,,,,,,,,,,,,,,,,,,,,,,,,,,,,,,,,,,,,,,,,,,,,,,,,,,,,,,,,,,,,,,,,,,,,,,,,,,,,,,,,,,,,,,,,,,,,,,,,,,,,,,,,,,,,,,,,,,,,,,,,,,,,,,,,,,,,,,,
95,,,,,,,,,,,,,,,,,,,,,,,,,,,,,,,,,,,,,,,,,,,,,,,,,,,,,,,,,,,,,,,,,,,,,,,,,,,,,,,,,,,,,,,,,,,,,,,,,,,,,,,,,,,,,,,,,,,,,,,,,,,,,,,,,,,,,,,,,,,,,,,,,,,,,,,,,,,,,,,,,,,,,,
96,,,,,,,,,,,,,,,,,,,,,,,,,,,,,,,,,,,,,,,,,,,,,,,,,,,,,,,,,,,,,,,,,,,,,,,,,,,,,,,,,,,,,,,,,,,,,,,,,,,,,,,,,,,,,,,,,,,,,,,,,,,,,,,,,,,,,,,,,,,,,,,,,,,,,,,,,,,,,,,,,,,,,,
97,,,,,,,,,,,,,,,,,,,,,,,,,,,,,,,,,,,,,,,,,,,,,,,,,,,,,,,,,,,,,,,,,,,,,,,,,,,,,,,,,,,,,,,,,,,,,,,,,,,,,,,,,,,,,,,,,,,,,,,,,,,,,,,,,,,,,,,,,,,,,,,,,,,,,,,,,,,,,,,,,,,,,,
98,,,,,,,,,,,,,,,,,,,,,,,,,,,,,,,,,,,,,,,,,,,,,,,,,,,,,,,,,,,,,,,,,,,,,,,,,,,,,,,,,,,,,,,,,,,,,,,,,,,,,,,,,,,,,,,,,,,,,,,,,,,,,,,,,,,,,,,,,,,,,,,,,,,,,,,,,,,,,,,,,,,,,,
99,,,,,,,,,,,,,,,,,,,,,,,,,,,,,,,,,,,,,,,,,,,,,,,,,,,,,,,,,,,,,,,,,,,,,,,,,,,,,,,,,,,,,,,,,,,,,,,,,,,,,,,,,,,,,,,,,,,,,,,,,,,,,,,,,,,,,,,,,,,,,,,,,,,,,,,,,,,,,,,,,,,,,,
100,,,,,,,,,,,,,,,,,,,,,,,,,,,,,,,,,,,,,,,,,,,,,,,,,,,,,,,,,,,,,,,,,,,,,,,,,,,,,,,,,,,,,,,,,,,,,,,,,,,,,,,,,,,,,,,,,,,,,,,,,,,,,,,,,,,,,,,,,,,,,,,,,,,,,,,,,,,,,,,,,,,,,,
101,,,,,,,,,,,,,,,,,,,,,,,,,,,,,,,,,,,,,,,,,,,,,,,,,,,,,,,,,,,,,,,,,,,,,,,,,,,,,,,,,,,,,,,,,,,,,,,,,,,,,,,,,,,,,,,,,,,,,,,,,,,,,,,,,,,,,,,,,,,,,,,,,,,,,,,,,,,,,,,,,,,,,,
102,,,,,,,,,,,,,,,,,,,,,,,,,,,,,,,,,,,,,,,,,,,,,,,,,,,,,,,,,,,,,,,,,,,,,,,,,,,,,,,,,,,,,,,,,,,,,,,,,,,,,,,,,,,,,,,,,,,,,,,,,,,,,,,,,,,,,,,,,,,,,,,,,,,,,,,,,,,,,,,,,,,,,,
103,,,,,,,,,,,,,,,,,,,,,,,,,,,,,,,,,,,,,,,,,,,,,,,,,,,,,,,,,,,,,,,,,,,,,,,,,,,,,,,,,,,,,,,,,,,,,,,,,,,,,,,,,,,,,,,,,,,,,,,,,,,,,,,,,,,,,,,,,,,,,,,,,,,,,,,,,,,,,,,,,,,,,,
104,,,,,,,,,,,,,,,,,,,,,,,,,,,,,,,,,,,,,,,,,,,,,,,,,,,,,,,,,,,,,,,,,,,,,,,,,,,,,,,,,,,,,,,,,,,,,,,,,,,,,,,,,,,,,,,,,,,,,,,,,,,,,,,,,,,,,,,,,,,,,,,,,,,,,,,,,,,,,,,,,,,,,,
105,,,,,,,,,,,,,,,,,,,,,,,,,,,,,,,,,,,,,,,,,,,,,,,,,,,,,,,,,,,,,,,,,,,,,,,,,,,,,,,,,,,,,,,,,,,,,,,,,,,,,,,,,,,,,,,,,,,,,,,,,,,,,,,,,,,,,,,,,,,,,,,,,,,,,,,,,,,,,,,,,,,,,,
106,,,,,,,,,,,,,,,,,,,,,,,,,,,,,,,,,,,,,,,,,,,,,,,,,,,,,,,,,,,,,,,,,,,,,,,,,,,,,,,,,,,,,,,,,,,,,,,,,,,,,,,,,,,,,,,,,,,,,,,,,,,,,,,,,,,,,,,,,,,,,,,,,,,,,,,,,,,,,,,,,,,,,,
107,,,,,,,,,,,,,,,,,,,,,,,,,,,,,,,,,,,,,,,,,,,,,,,,,,,,,,,,,,,,,,,,,,,,,,,,,,,,,,,,,,,,,,,,,,,,,,,,,,,,,,,,,,,,,,,,,,,,,,,,,,,,,,,,,,,,,,,,,,,,,,,,,,,,,,,,,,,,,,,,,,,,,,
108,,,,,,,,,,,,,,,,,,,,,,,,,,,,,,,,,,,,,,,,,,,,,,,,,,,,,,,,,,,,,,,,,,,,,,,,,,,,,,,,,,,,,,,,,,,,,,,,,,,,,,,,,,,,,,,,,,,,,,,,,,,,,,,,,,,,,,,,,,,,,,,,,,,,,,,,,,,,,,,,,,,,,,
109,,,,,,,,,,,,,,,,,,,,,,,,,,,,,,,,,,,,,,,,,,,,,,,,,,,,,,,,,,,,,,,,,,,,,,,,,,,,,,,,,,,,,,,,,,,,,,,,,,,,,,,,,,,,,,,,,,,,,,,,,,,,,,,,,,,,,,,,,,,,,,,,,,,,,,,,,,,,,,,,,,,,,,
110,,,,,,,,,,,,,,,,,,,,,,,,,,,,,,,,,,,,,,,,,,,,,,,,,,,,,,,,,,,,,,,,,,,,,,,,,,,,,,,,,,,,,,,,,,,,,,,,,,,,,,,,,,,,,,,,,,,,,,,,,,,,,,,,,,,,,,,,,,,,,,,,,,,,,,,,,,,,,,,,,,,,,,
111,,,,,,,,,,,,,,,,,,,,,,,,,,,,,,,,,,,,,,,,,,,,,,,,,,,,,,,,,,,,,,,,,,,,,,,,,,,,,,,,,,,,,,,,,,,,,,,,,,,,,,,,,,,,,,,,,,,,,,,,,,,,,,,,,,,,,,,,,,,,,,,,,,,,,,,,,,,,,,,,,,,,,,
112,,,,,,,,,,,,,,,,,,,,,,,,,,,,,,,,,,,,,,,,,,,,,,,,,,,,,,,,,,,,,,,,,,,,,,,,,,,,,,,,,,,,,,,,,,,,,,,,,,,,,,,,,,,,,,,,,,,,,,,,,,,,,,,,,,,,,,,,,,,,,,,,,,,,,,,,,,,,,,,,,,,,,,
113,,,,,,,,,,,,,,,,,,,,,,,,,,,,,,,,,,,,,,,,,,,,,,,,,,,,,,,,,,,,,,,,,,,,,,,,,,,,,,,,,,,,,,,,,,,,,,,,,,,,,,,,,,,,,,,,,,,,,,,,,,,,,,,,,,,,,,,,,,,,,,,,,,,,,,,,,,,,,,,,,,,,,,
114,,,,,,,,,,,,,,,,,,,,,,,,,,,,,,,,,,,,,,,,,,,,,,,,,,,,,,,,,,,,,,,,,,,,,,,,,,,,,,,,,,,,,,,,,,,,,,,,,,,,,,,,,,,,,,,,,,,,,,,,,,,,,,,,,,,,,,,,,,,,,,,,,,,,,,,,,,,,,,,,,,,,,,
115,,,,,,,,,,,,,,,,,,,,,,,,,,,,,,,,,,,,,,,,,,,,,,,,,,,,,,,,,,,,,,,,,,,,,,,,,,,,,,,,,,,,,,,,,,,,,,,,,,,,,,,,,,,,,,,,,,,,,,,,,,,,,,,,,,,,,,,,,,,,,,,,,,,,,,,,,,,,,,,,,,,,,,
116,,,,,,,,,,,,,,,,,,,,,,,,,,,,,,,,,,,,,,,,,,,,,,,,,,,,,,,,,,,,,,,,,,,,,,,,,,,,,,,,,,,,,,,,,,,,,,,,,,,,,,,,,,,,,,,,,,,,,,,,,,,,,,,,,,,,,,,,,,,,,,,,,,,,,,,,,,,,,,,,,,,,,,
117,,,,,,,,,,,,,,,,,,,,,,,,,,,,,,,,,,,,,,,,,,,,,,,,,,,,,,,,,,,,,,,,,,,,,,,,,,,,,,,,,,,,,,,,,,,,,,,,,,,,,,,,,,,,,,,,,,,,,,,,,,,,,,,,,,,,,,,,,,,,,,,,,,,,,,,,,,,,,,,,,,,,,,
118,,,,,,,,,,,,,,,,,,,,,,,,,,,,,,,,,,,,,,,,,,,,,,,,,,,,,,,,,,,,,,,,,,,,,,,,,,,,,,,,,,,,,,,,,,,,,,,,,,,,,,,,,,,,,,,,,,,,,,,,,,,,,,,,,,,,,,,,,,,,,,,,,,,,,,,,,,,,,,,,,,,,,,
119,,,,,,,,,,,,,,,,,,,,,,,,,,,,,,,,,,,,,,,,,,,,,,,,,,,,,,,,,,,,,,,,,,,,,,,,,,,,,,,,,,,,,,,,,,,,,,,,,,,,,,,,,,,,,,,,,,,,,,,,,,,,,,,,,,,,,,,,,,,,,,,,,,,,,,,,,,,,,,,,,,,,,,
120,,,,,,,,,,,,,,,,,,,,,,,,,,,,,,,,,,,,,,,,,,,,,,,,,,,,,,,,,,,,,,,,,,,,,,,,,,,,,,,,,,,,,,,,,,,,,,,,,,,,,,,,,,,,,,,,,,,,,,,,,,,,,,,,,,,,,,,,,,,,,,,,,,,,,,,,,,,,,,,,,,,,,,
121,,,,,,,,,,,,,,,,,,,,,,,,,,,,,,,,,,,,,,,,,,,,,,,,,,,,,,,,,,,,,,,,,,,,,,,,,,,,,,,,,,,,,,,,,,,,,,,,,,,,,,,,,,,,,,,,,,,,,,,,,,,,,,,,,,,,,,,,,,,,,,,,,,,,,,,,,,,,,,,,,,,,,,
122,,,,,,,,,,,,,,,,,,,,,,,,,,,,,,,,,,,,,,,,,,,,,,,,,,,,,,,,,,,,,,,,,,,,,,,,,,,,,,,,,,,,,,,,,,,,,,,,,,,,,,,,,,,,,,,,,,,,,,,,,,,,,,,,,,,,,,,,,,,,,,,,,,,,,,,,,,,,,,,,,,,,,,
123,,,,,,,,,,,,,,,,,,,,,,,,,,,,,,,,,,,,,,,,,,,,,,,,,,,,,,,,,,,,,,,,,,,,,,,,,,,,,,,,,,,,,,,,,,,,,,,,,,,,,,,,,,,,,,,,,,,,,,,,,,,,,,,,,,,,,,,,,,,,,,,,,,,,,,,,,,,,,,,,,,,,,,
124,,,,,,,,,,,,,,,,,,,,,,,,,,,,,,,,,,,,,,,,,,,,,,,,,,,,,,,,,,,,,,,,,,,,,,,,,,,,,,,,,,,,,,,,,,,,,,,,,,,,,,,,,,,,,,,,,,,,,,,,,,,,,,,,,,,,,,,,,,,,,,,,,,,,,,,,,,,,,,,,,,,,,,
125,,,,,,,,,,,,,,,,,,,,,,,,,,,,,,,,,,,,,,,,,,,,,,,,,,,,,,,,,,,,,,,,,,,,,,,,,,,,,,,,,,,,,,,,,,,,,,,,,,,,,,,,,,,,,,,,,,,,,,,,,,,,,,,,,,,,,,,,,,,,,,,,,,,,,,,,,,,,,,,,,,,,,,
126,,,,,,,,,,,,,,,,,,,,,,,,,,,,,,,,,,,,,,,,,,,,,,,,,,,,,,,,,,,,,,,,,,,,,,,,,,,,,,,,,,,,,,,,,,,,,,,,,,,,,,,,,,,,,,,,,,,,,,,,,,,,,,,,,,,,,,,,,,,,,,,,,,,,,,,,,,,,,,,,,,,,,,
127,,,,,,,,,,,,,,,,,,,,,,,,,,,,,,,,,,,,,,,,,,,,,,,,,,,,,,,,,,,,,,,,,,,,,,,,,,,,,,,,,,,,,,,,,,,,,,,,,,,,,,,,,,,,,,,,,,,,,,,,,,,,,,,,,,,,,,,,,,,,,,,,,,,,,,,,,,,,,,,,,,,,,,
128,,,,,,,,,,,,,,,,,,,,,,,,,,,,,,,,,,,,,,,,,,,,,,,,,,,,,,,,,,,,,,,,,,,,,,,,,,,,,,,,,,,,,,,,,,,,,,,,,,,,,,,,,,,,,,,,,,,,,,,,,,,,,,,,,,,,,,,,,,,,,,,,,,,,,,,,,,,,,,,,,,,,,,
129,,,,,,,,,,,,,,,,,,,,,,,,,,,,,,,,,,,,,,,,,,,,,,,,,,,,,,,,,,,,,,,,,,,,,,,,,,,,,,,,,,,,,,,,,,,,,,,,,,,,,,,,,,,,,,,,,,,,,,,,,,,,,,,,,,,,,,,,,,,,,,,,,,,,,,,,,,,,,,,,,,,,,,
130,,,,,,,,,,,,,,,,,,,,,,,,,,,,,,,,,,,,,,,,,,,,,,,,,,,,,,,,,,,,,,,,,,,,,,,,,,,,,,,,,,,,,,,,,,,,,,,,,,,,,,,,,,,,,,,,,,,,,,,,,,,,,,,,,,,,,,,,,,,,,,,,,,,,,,,,,,,,,,,,,,,,,,
131,,,,,,,,,,,,,,,,,,,,,,,,,,,,,,,,,,,,,,,,,,,,,,,,,,,,,,,,,,,,,,,,,,,,,,,,,,,,,,,,,,,,,,,,,,,,,,,,,,,,,,,,,,,,,,,,,,,,,,,,,,,,,,,,,,,,,,,,,,,,,,,,,,,,,,,,,,,,,,,,,,,,,,
132,,,,,,,,,,,,,,,,,,,,,,,,,,,,,,,,,,,,,,,,,,,,,,,,,,,,,,,,,,,,,,,,,,,,,,,,,,,,,,,,,,,,,,,,,,,,,,,,,,,,,,,,,,,,,,,,,,,,,,,,,,,,,,,,,,,,,,,,,,,,,,,,,,,,,,,,,,,,,,,,,,,,,,
133,,,,,,,,,,,,,,,,,,,,,,,,,,,,,,,,,,,,,,,,,,,,,,,,,,,,,,,,,,,,,,,,,,,,,,,,,,,,,,,,,,,,,,,,,,,,,,,,,,,,,,,,,,,,,,,,,,,,,,,,,,,,,,,,,,,,,,,,,,,,,,,,,,,,,,,,,,,,,,,,,,,,,,
134,,,,,,,,,,,,,,,,,,,,,,,,,,,,,,,,,,,,,,,,,,,,,,,,,,,,,,,,,,,,,,,,,,,,,,,,,,,,,,,,,,,,,,,,,,,,,,,,,,,,,,,,,,,,,,,,,,,,,,,,,,,,,,,,,,,,,,,,,,,,,,,,,,,,,,,,,,,,,,,,,,,,,,
135,,,,,,,,,,,,,,,,,,,,,,,,,,,,,,,,,,,,,,,,,,,,,,,,,,,,,,,,,,,,,,,,,,,,,,,,,,,,,,,,,,,,,,,,,,,,,,,,,,,,,,,,,,,,,,,,,,,,,,,,,,,,,,,,,,,,,,,,,,,,,,,,,,,,,,,,,,,,,,,,,,,,,,
136,,,,,,,,,,,,,,,,,,,,,,,,,,,,,,,,,,,,,,,,,,,,,,,,,,,,,,,,,,,,,,,,,,,,,,,,,,,,,,,,,,,,,,,,,,,,,,,,,,,,,,,,,,,,,,,,,,,,,,,,,,,,,,,,,,,,,,,,,,,,,,,,,,,,,,,,,,,,,,,,,,,,,,
137,,,,,,,,,,,,,,,,,,,,,,,,,,,,,,,,,,,,,,,,,,,,,,,,,,,,,,,,,,,,,,,,,,,,,,,,,,,,,,,,,,,,,,,,,,,,,,,,,,,,,,,,,,,,,,,,,,,,,,,,,,,,,,,,,,,,,,,,,,,,,,,,,,,,,,,,,,,,,,,,,,,,,,
138,,,,,,,,,,,,,,,,,,,,,,,,,,,,,,,,,,,,,,,,,,,,,,,,,,,,,,,,,,,,,,,,,,,,,,,,,,,,,,,,,,,,,,,,,,,,,,,,,,,,,,,,,,,,,,,,,,,,,,,,,,,,,,,,,,,,,,,,,,,,,,,,,,,,,,,,,,,,,,,,,,,,,,
139,,,,,,,,,,,,,,,,,,,,,,,,,,,,,,,,,,,,,,,,,,,,,,,,,,,,,,,,,,,,,,,,,,,,,,,,,,,,,,,,,,,,,,,,,,,,,,,,,,,,,,,,,,,,,,,,,,,,,,,,,,,,,,,,,,,,,,,,,,,,,,,,,,,,,,,,,,,,,,,,,,,,,,
140,,,,,,,,,,,,,,,,,,,,,,,,,,,,,,,,,,,,,,,,,,,,,,,,,,,,,,,,,,,,,,,,,,,,,,,,,,,,,,,,,,,,,,,,,,,,,,,,,,,,,,,,,,,,,,,,,,,,,,,,,,,,,,,,,,,,,,,,,,,,,,,,,,,,,,,,,,,,,,,,,,,,,,
141,,,,,,,,,,,,,,,,,,,,,,,,,,,,,,,,,,,,,,,,,,,,,,,,,,,,,,,,,,,,,,,,,,,,,,,,,,,,,,,,,,,,,,,,,,,,,,,,,,,,,,,,,,,,,,,,,,,,,,,,,,,,,,,,,,,,,,,,,,,,,,,,,,,,,,,,,,,,,,,,,,,,,,
142,,,,,,,,,,,,,,,,,,,,,,,,,,,,,,,,,,,,,,,,,,,,,,,,,,,,,,,,,,,,,,,,,,,,,,,,,,,,,,,,,,,,,,,,,,,,,,,,,,,,,,,,,,,,,,,,,,,,,,,,,,,,,,,,,,,,,,,,,,,,,,,,,,,,,,,,,,,,,,,,,,,,,,
143,,,,,,,,,,,,,,,,,,,,,,,,,,,,,,,,,,,,,,,,,,,,,,,,,,,,,,,,,,,,,,,,,,,,,,,,,,,,,,,,,,,,,,,,,,,,,,,,,,,,,,,,,,,,,,,,,,,,,,,,,,,,,,,,,,,,,,,,,,,,,,,,,,,,,,,,,,,,,,,,,,,,,,
144,,,,,,,,,,,,,,,,,,,,,,,,,,,,,,,,,,,,,,,,,,,,,,,,,,,,,,,,,,,,,,,,,,,,,,,,,,,,,,,,,,,,,,,,,,,,,,,,,,,,,,,,,,,,,,,,,,,,,,,,,,,,,,,,,,,,,,,,,,,,,,,,,,,,,,,,,,,,,,,,,,,,,,
145,,,,,,,,,,,,,,,,,,,,,,,,,,,,,,,,,,,,,,,,,,,,,,,,,,,,,,,,,,,,,,,,,,,,,,,,,,,,,,,,,,,,,,,,,,,,,,,,,,,,,,,,,,,,,,,,,,,,,,,,,,,,,,,,,,,,,,,,,,,,,,,,,,,,,,,,,,,,,,,,,,,,,,
146,,,,,,,,,,,,,,,,,,,,,,,,,,,,,,,,,,,,,,,,,,,,,,,,,,,,,,,,,,,,,,,,,,,,,,,,,,,,,,,,,,,,,,,,,,,,,,,,,,,,,,,,,,,,,,,,,,,,,,,,,,,,,,,,,,,,,,,,,,,,,,,,,,,,,,,,,,,,,,,,,,,,,,
147,,,,,,,,,,,,,,,,,,,,,,,,,,,,,,,,,,,,,,,,,,,,,,,,,,,,,,,,,,,,,,,,,,,,,,,,,,,,,,,,,,,,,,,,,,,,,,,,,,,,,,,,,,,,,,,,,,,,,,,,,,,,,,,,,,,,,,,,,,,,,,,,,,,,,,,,,,,,,,,,,,,,,,
148,,,,,,,,,,,,,,,,,,,,,,,,,,,,,,,,,,,,,,,,,,,,,,,,,,,,,,,,,,,,,,,,,,,,,,,,,,,,,,,,,,,,,,,,,,,,,,,,,,,,,,,,,,,,,,,,,,,,,,,,,,,,,,,,,,,,,,,,,,,,,,,,,,,,,,,,,,,,,,,,,,,,,,
149,,,,,,,,,,,,,,,,,,,,,,,,,,,,,,,,,,,,,,,,,,,,,,,,,,,,,,,,,,,,,,,,,,,,,,,,,,,,,,,,,,,,,,,,,,,,,,,,,,,,,,,,,,,,,,,,,,,,,,,,,,,,,,,,,,,,,,,,,,,,,,,,,,,,,,,,,,,,,,,,,,,,,,
150,,,,,,,,,,,,,,,,,,,,,,,,,,,,,,,,,,,,,,,,,,,,,,,,,,,,,,,,,,,,,,,,,,,,,,,,,,,,,,,,,,,,,,,,,,,,,,,,,,,,,,,,,,,,,,,,,,,,,,,,,,,,,,,,,,,,,,,,,,,,,,,,,,,,,,,,,,,,,,,,,,,,,,
151,,,,,,,,,,,,,,,,,,,,,,,,,,,,,,,,,,,,,,,,,,,,,,,,,,,,,,,,,,,,,,,,,,,,,,,,,,,,,,,,,,,,,,,,,,,,,,,,,,,,,,,,,,,,,,,,,,,,,,,,,,,,,,,,,,,,,,,,,,,,,,,,,,,,,,,,,,,,,,,,,,,,,,
152,,,,,,,,,,,,,,,,,,,,,,,,,,,,,,,,,,,,,,,,,,,,,,,,,,,,,,,,,,,,,,,,,,,,,,,,,,,,,,,,,,,,,,,,,,,,,,,,,,,,,,,,,,,,,,,,,,,,,,,,,,,,,,,,,,,,,,,,,,,,,,,,,,,,,,,,,,,,,,,,,,,,,,
153,,,,,,,,,,,,,,,,,,,,,,,,,,,,,,,,,,,,,,,,,,,,,,,,,,,,,,,,,,,,,,,,,,,,,,,,,,,,,,,,,,,,,,,,,,,,,,,,,,,,,,,,,,,,,,,,,,,,,,,,,,,,,,,,,,,,,,,,,,,,,,,,,,,,,,,,,,,,,,,,,,,,,,
154,,,,,,,,,,,,,,,,,,,,,,,,,,,,,,,,,,,,,,,,,,,,,,,,,,,,,,,,,,,,,,,,,,,,,,,,,,,,,,,,,,,,,,,,,,,,,,,,,,,,,,,,,,,,,,,,,,,,,,,,,,,,,,,,,,,,,,,,,,,,,,,,,,,,,,,,,,,,,,,,,,,,,,
155,,,,,,,,,,,,,,,,,,,,,,,,,,,,,,,,,,,,,,,,,,,,,,,,,,,,,,,,,,,,,,,,,,,,,,,,,,,,,,,,,,,,,,,,,,,,,,,,,,,,,,,,,,,,,,,,,,,,,,,,,,,,,,,,,,,,,,,,,,,,,,,,,,,,,,,,,,,,,,,,,,,,,,
156,,,,,,,,,,,,,,,,,,,,,,,,,,,,,,,,,,,,,,,,,,,,,,,,,,,,,,,,,,,,,,,,,,,,,,,,,,,,,,,,,,,,,,,,,,,,,,,,,,,,,,,,,,,,,,,,,,,,,,,,,,,,,,,,,,,,,,,,,,,,,,,,,,,,,,,,,,,,,,,,,,,,,,
157,,,,,,,,,,,,,,,,,,,,,,,,,,,,,,,,,,,,,,,,,,,,,,,,,,,,,,,,,,,,,,,,,,,,,,,,,,,,,,,,,,,,,,,,,,,,,,,,,,,,,,,,,,,,,,,,,,,,,,,,,,,,,,,,,,,,,,,,,,,,,,,,,,,,,,,,,,,,,,,,,,,,,,
158,,,,,,,,,,,,,,,,,,,,,,,,,,,,,,,,,,,,,,,,,,,,,,,,,,,,,,,,,,,,,,,,,,,,,,,,,,,,,,,,,,,,,,,,,,,,,,,,,,,,,,,,,,,,,,,,,,,,,,,,,,,,,,,,,,,,,,,,,,,,,,,,,,,,,,,,,,,,,,,,,,,,,,
159,,,,,,,,,,,,,,,,,,,,,,,,,,,,,,,,,,,,,,,,,,,,,,,,,,,,,,,,,,,,,,,,,,,,,,,,,,,,,,,,,,,,,,,,,,,,,,,,,,,,,,,,,,,,,,,,,,,,,,,,,,,,,,,,,,,,,,,,,,,,,,,,,,,,,,,,,,,,,,,,,,,,,,
160,,,,,,,,,,,,,,,,,,,,,,,,,,,,,,,,,,,,,,,,,,,,,,,,,,,,,,,,,,,,,,,,,,,,,,,,,,,,,,,,,,,,,,,,,,,,,,,,,,,,,,,,,,,,,,,,,,,,,,,,,,,,,,,,,,,,,,,,,,,,,,,,,,,,,,,,,,,,,,,,,,,,,,
161,,,,,,,,,,,,,,,,,,,,,,,,,,,,,,,,,,,,,,,,,,,,,,,,,,,,,,,,,,,,,,,,,,,,,,,,,,,,,,,,,,,,,,,,,,,,,,,,,,,,,,,,,,,,,,,,,,,,,,,,,,,,,,,,,,,,,,,,,,,,,,,,,,,,,,,,,,,,,,,,,,,,,,
162,,,,,,,,,,,,,,,,,,,,,,,,,,,,,,,,,,,,,,,,,,,,,,,,,,,,,,,,,,,,,,,,,,,,,,,,,,,,,,,,,,,,,,,,,,,,,,,,,,,,,,,,,,,,,,,,,,,,,,,,,,,,,,,,,,,,,,,,,,,,,,,,,,,,,,,,,,,,,,,,,,,,,,
163,,,,,,,,,,,,,,,,,,,,,,,,,,,,,,,,,,,,,,,,,,,,,,,,,,,,,,,,,,,,,,,,,,,,,,,,,,,,,,,,,,,,,,,,,,,,,,,,,,,,,,,,,,,,,,,,,,,,,,,,,,,,,,,,,,,,,,,,,,,,,,,,,,,,,,,,,,,,,,,,,,,,,,
164,,,,,,,,,,,,,,,,,,,,,,,,,,,,,,,,,,,,,,,,,,,,,,,,,,,,,,,,,,,,,,,,,,,,,,,,,,,,,,,,,,,,,,,,,,,,,,,,,,,,,,,,,,,,,,,,,,,,,,,,,,,,,,,,,,,,,,,,,,,,,,,,,,,,,,,,,,,,,,,,,,,,,,
165,,,,,,,,,,,,,,,,,,,,,,,,,,,,,,,,,,,,,,,,,,,,,,,,,,,,,,,,,,,,,,,,,,,,,,,,,,,,,,,,,,,,,,,,,,,,,,,,,,,,,,,,,,,,,,,,,,,,,,,,,,,,,,,,,,,,,,,,,,,,,,,,,,,,,,,,,,,,,,,,,,,,,,
166,,,,,,,,,,,,,,,,,,,,,,,,,,,,,,,,,,,,,,,,,,,,,,,,,,,,,,,,,,,,,,,,,,,,,,,,,,,,,,,,,,,,,,,,,,,,,,,,,,,,,,,,,,,,,,,,,,,,,,,,,,,,,,,,,,,,,,,,,,,,,,,,,,,,,,,,,,,,,,,,,,,,,,
167,,,,,,,,,,,,,,,,,,,,,,,,,,,,,,,,,,,,,,,,,,,,,,,,,,,,,,,,,,,,,,,,,,,,,,,,,,,,,,,,,,,,,,,,,,,,,,,,,,,,,,,,,,,,,,,,,,,,,,,,,,,,,,,,,,,,,,,,,,,,,,,,,,,,,,,,,,,,,,,,,,,,,,
168,,,,,,,,,,,,,,,,,,,,,,,,,,,,,,,,,,,,,,,,,,,,,,,,,,,,,,,,,,,,,,,,,,,,,,,,,,,,,,,,,,,,,,,,,,,,,,,,,,,,,,,,,,,,,,,,,,,,,,,,,,,,,,,,,,,,,,,,,,,,,,,,,,,,,,,,,,,,,,,,,,,,,,
169,,,,,,,,,,,,,,,,,,,,,,,,,,,,,,,,,,,,,,,,,,,,,,,,,,,,,,,,,,,,,,,,,,,,,,,,,,,,,,,,,,,,,,,,,,,,,,,,,,,,,,,,,,,,,,,,,,,,,,,,,,,,,,,,,,,,,,,,,,,,,,,,,,,,,,,,,,,,,,,,,,,,,,
170,,,,,,,,,,,,,,,,,,,,,,,,,,,,,,,,,,,,,,,,,,,,,,,,,,,,,,,,,,,,,,,,,,,,,,,,,,,,,,,,,,,,,,,,,,,,,,,,,,,,,,,,,,,,,,,,,,,,,,,,,,,,,,,,,,,,,,,,,,,,,,,,,,,,,,,,,,,,,,,,,,,,,,
171,,,,,,,,,,,,,,,,,,,,,,,,,,,,,,,,,,,,,,,,,,,,,,,,,,,,,,,,,,,,,,,,,,,,,,,,,,,,,,,,,,,,,,,,,,,,,,,,,,,,,,,,,,,,,,,,,,,,,,,,,,,,,,,,,,,,,,,,,,,,,,,,,,,,,,,,,,,,,,,,,,,,,,
172,,,,,,,,,,,,,,,,,,,,,,,,,,,,,,,,,,,,,,,,,,,,,,,,,,,,,,,,,,,,,,,,,,,,,,,,,,,,,,,,,,,,,,,,,,,,,,,,,,,,,,,,,,,,,,,,,,,,,,,,,,,,,,,,,,,,,,,,,,,,,,,,,,,,,,,,,,,,,,,,,,,,,,
173,,,,,,,,,,,,,,,,,,,,,,,,,,,,,,,,,,,,,,,,,,,,,,,,,,,,,,,,,,,,,,,,,,,,,,,,,,,,,,,,,,,,,,,,,,,,,,,,,,,,,,,,,,,,,,,,,,,,,,,,,,,,,,,,,,,,,,,,,,,,,,,,,,,,,,,,,,,,,,,,,,,,,,
174,,,,,,,,,,,,,,,,,,,,,,,,,,,,,,,,,,,,,,,,,,,,,,,,,,,,,,,,,,,,,,,,,,,,,,,,,,,,,,,,,,,,,,,,,,,,,,,,,,,,,,,,,,,,,,,,,,,,,,,,,,,,,,,,,,,,,,,,,,,,,,,,,,,,,,,,,,,,,,,,,,,,,,
175,,,,,,,,,,,,,,,,,,,,,,,,,,,,,,,,,,,,,,,,,,,,,,,,,,,,,,,,,,,,,,,,,,,,,,,,,,,,,,,,,,,,,,,,,,,,,,,,,,,,,,,,,,,,,,,,,,,,,,,,,,,,,,,,,,,,,,,,,,,,,,,,,,,,,,,,,,,,,,,,,,,,,,
176,,,,,,,,,,,,,,,,,,,,,,,,,,,,,,,,,,,,,,,,,,,,,,,,,,,,,,,,,,,,,,,,,,,,,,,,,,,,,,,,,,,,,,,,,,,,,,,,,,,,,,,,,,,,,,,,,,,,,,,,,,,,,,,,,,,,,,,,,,,,,,,,,,,,,,,,,,,,,,,,,,,,,,
177,,,,,,,,,,,,,,,,,,,,,,,,,,,,,,,,,,,,,,,,,,,,,,,,,,,,,,,,,,,,,,,,,,,,,,,,,,,,,,,,,,,,,,,,,,,,,,,,,,,,,,,,,,,,,,,,,,,,,,,,,,,,,,,,,,,,,,,,,,,,,,,,,,,,,,,,,,,,,,,,,,,,,,
178,,,,,,,,,,,,,,,,,,,,,,,,,,,,,,,,,,,,,,,,,,,,,,,,,,,,,,,,,,,,,,,,,,,,,,,,,,,,,,,,,,,,,,,,,,,,,,,,,,,,,,,,,,,,,,,,,,,,,,,,,,,,,,,,,,,,,,,,,,,,,,,,,,,,,,,,,,,,,,,,,,,,,,
179,,,,,,,,,,,,,,,,,,,,,,,,,,,,,,,,,,,,,,,,,,,,,,,,,,,,,,,,,,,,,,,,,,,,,,,,,,,,,,,,,,,,,,,,,,,,,,,,,,,,,,,,,,,,,,,,,,,,,,,,,,,,,,,,,,,,,,,,,,,,,,,,,,,,,,,,,,,,,,,,,,,,,,
180,,,,,,,,,,,,,,,,,,,,,,,,,,,,,,,,,,,,,,,,,,,,,,,,,,,,,,,,,,,,,,,,,,,,,,,,,,,,,,,,,,,,,,,,,,,,,,,,,,,,,,,,,,,,,,,,,,,,,,,,,,,,,,,,,,,,,,,,,,,,,,,,,,,,,,,,,,,,,,,,,,,,,,
181,,,,,,,,,,,,,,,,,,,,,,,,,,,,,,,,,,,,,,,,,,,,,,,,,,,,,,,,,,,,,,,,,,,,,,,,,,,,,,,,,,,,,,,,,,,,,,,,,,,,,,,,,,,,,,,,,,,,,,,,,,,,,,,,,,,,,,,,,,,,,,,,,,,,,,,,,,,,,,,,,,,,,,
182,,,,,,,,,,,,,,,,,,,,,,,,,,,,,,,,,,,,,,,,,,,,,,,,,,,,,,,,,,,,,,,,,,,,,,,,,,,,,,,,,,,,,,,,,,,,,,,,,,,,,,,,,,,,,,,,,,,,,,,,,,,,,,,,,,,,,,,,,,,,,,,,,,,,,,,,,,,,,,,,,,,,,,
183,,,,,,,,,,,,,,,,,,,,,,,,,,,,,,,,,,,,,,,,,,,,,,,,,,,,,,,,,,,,,,,,,,,,,,,,,,,,,,,,,,,,,,,,,,,,,,,,,,,,,,,,,,,,,,,,,,,,,,,,,,,,,,,,,,,,,,,,,,,,,,,,,,,,,,,,,,,,,,,,,,,,,,
184,,,,,,,,,,,,,,,,,,,,,,,,,,,,,,,,,,,,,,,,,,,,,,,,,,,,,,,,,,,,,,,,,,,,,,,,,,,,,,,,,,,,,,,,,,,,,,,,,,,,,,,,,,,,,,,,,,,,,,,,,,,,,,,,,,,,,,,,,,,,,,,,,,,,,,,,,,,,,,,,,,,,,,
185,,,,,,,,,,,,,,,,,,,,,,,,,,,,,,,,,,,,,,,,,,,,,,,,,,,,,,,,,,,,,,,,,,,,,,,,,,,,,,,,,,,,,,,,,,,,,,,,,,,,,,,,,,,,,,,,,,,,,,,,,,,,,,,,,,,,,,,,,,,,,,,,,,,,,,,,,,,,,,,,,,,,,,
186,,,,,,,,,,,,,,,,,,,,,,,,,,,,,,,,,,,,,,,,,,,,,,,,,,,,,,,,,,,,,,,,,,,,,,,,,,,,,,,,,,,,,,,,,,,,,,,,,,,,,,,,,,,,,,,,,,,,,,,,,,,,,,,,,,,,,,,,,,,,,,,,,,,,,,,,,,,,,,,,,,,,,,
187,,,,,,,,,,,,,,,,,,,,,,,,,,,,,,,,,,,,,,,,,,,,,,,,,,,,,,,,,,,,,,,,,,,,,,,,,,,,,,,,,,,,,,,,,,,,,,,,,,,,,,,,,,,,,,,,,,,,,,,,,,,,,,,,,,,,,,,,,,,,,,,,,,,,,,,,,,,,,,,,,,,,,,
188,,,,,,,,,,,,,,,,,,,,,,,,,,,,,,,,,,,,,,,,,,,,,,,,,,,,,,,,,,,,,,,,,,,,,,,,,,,,,,,,,,,,,,,,,,,,,,,,,,,,,,,,,,,,,,,,,,,,,,,,,,,,,,,,,,,,,,,,,,,,,,,,,,,,,,,,,,,,,,,,,,,,,,
189,,,,,,,,,,,,,,,,,,,,,,,,,,,,,,,,,,,,,,,,,,,,,,,,,,,,,,,,,,,,,,,,,,,,,,,,,,,,,,,,,,,,,,,,,,,,,,,,,,,,,,,,,,,,,,,,,,,,,,,,,,,,,,,,,,,,,,,,,,,,,,,,,,,,,,,,,,,,,,,,,,,,,,
190,,,,,,,,,,,,,,,,,,,,,,,,,,,,,,,,,,,,,,,,,,,,,,,,,,,,,,,,,,,,,,,,,,,,,,,,,,,,,,,,,,,,,,,,,,,,,,,,,,,,,,,,,,,,,,,,,,,,,,,,,,,,,,,,,,,,,,,,,,,,,,,,,,,,,,,,,,,,,,,,,,,,,,
191,,,,,,,,,,,,,,,,,,,,,,,,,,,,,,,,,,,,,,,,,,,,,,,,,,,,,,,,,,,,,,,,,,,,,,,,,,,,,,,,,,,,,,,,,,,,,,,,,,,,,,,,,,,,,,,,,,,,,,,,,,,,,,,,,,,,,,,,,,,,,,,,,,,,,,,,,,,,,,,,,,,,,,
192,,,,,,,,,,,,,,,,,,,,,,,,,,,,,,,,,,,,,,,,,,,,,,,,,,,,,,,,,,,,,,,,,,,,,,,,,,,,,,,,,,,,,,,,,,,,,,,,,,,,,,,,,,,,,,,,,,,,,,,,,,,,,,,,,,,,,,,,,,,,,,,,,,,,,,,,,,,,,,,,,,,,,,
193,,,,,,,,,,,,,,,,,,,,,,,,,,,,,,,,,,,,,,,,,,,,,,,,,,,,,,,,,,,,,,,,,,,,,,,,,,,,,,,,,,,,,,,,,,,,,,,,,,,,,,,,,,,,,,,,,,,,,,,,,,,,,,,,,,,,,,,,,,,,,,,,,,,,,,,,,,,,,,,,,,,,,,
194,,,,,,,,,,,,,,,,,,,,,,,,,,,,,,,,,,,,,,,,,,,,,,,,,,,,,,,,,,,,,,,,,,,,,,,,,,,,,,,,,,,,,,,,,,,,,,,,,,,,,,,,,,,,,,,,,,,,,,,,,,,,,,,,,,,,,,,,,,,,,,,,,,,,,,,,,,,,,,,,,,,,,,
195,,,,,,,,,,,,,,,,,,,,,,,,,,,,,,,,,,,,,,,,,,,,,,,,,,,,,,,,,,,,,,,,,,,,,,,,,,,,,,,,,,,,,,,,,,,,,,,,,,,,,,,,,,,,,,,,,,,,,,,,,,,,,,,,,,,,,,,,,,,,,,,,,,,,,,,,,,,,,,,,,,,,,,
196,,,,,,,,,,,,,,,,,,,,,,,,,,,,,,,,,,,,,,,,,,,,,,,,,,,,,,,,,,,,,,,,,,,,,,,,,,,,,,,,,,,,,,,,,,,,,,,,,,,,,,,,,,,,,,,,,,,,,,,,,,,,,,,,,,,,,,,,,,,,,,,,,,,,,,,,,,,,,,,,,,,,,,
197,,,,,,,,,,,,,,,,,,,,,,,,,,,,,,,,,,,,,,,,,,,,,,,,,,,,,,,,,,,,,,,,,,,,,,,,,,,,,,,,,,,,,,,,,,,,,,,,,,,,,,,,,,,,,,,,,,,,,,,,,,,,,,,,,,,,,,,,,,,,,,,,,,,,,,,,,,,,,,,,,,,,,,
198,,,,,,,,,,,,,,,,,,,,,,,,,,,,,,,,,,,,,,,,,,,,,,,,,,,,,,,,,,,,,,,,,,,,,,,,,,,,,,,,,,,,,,,,,,,,,,,,,,,,,,,,,,,,,,,,,,,,,,,,,,,,,,,,,,,,,,,,,,,,,,,,,,,,,,,,,,,,,,,,,,,,,,
199,,,,,,,,,,,,,,,,,,,,,,,,,,,,,,,,,,,,,,,,,,,,,,,,,,,,,,,,,,,,,,,,,,,,,,,,,,,,,,,,,,,,,,,,,,,,,,,,,,,,,,,,,,,,,,,,,,,,,,,,,,,,,,,,,,,,,,,,,,,,,,,,,,,,,,,,,,,,,,,,,,,,,,
200,,,,,,,,,,,,,,,,,,,,,,,,,,,,,,,,,,,,,,,,,,,,,,,,,,,,,,,,,,,,,,,,,,,,,,,,,,,,,,,,,,,,,,,,,,,,,,,,,,,,,,,,,,,,,,,,,,,,,,,,,,,,,,,,,,,,,,,,,,,,,,,,,,,,,,,,,,,,,,,,,,,,,,
201,,,,,,,,,,,,,,,,,,,,,,,,,,,,,,,,,,,,,,,,,,,,,,,,,,,,,,,,,,,,,,,,,,,,,,,,,,,,,,,,,,,,,,,,,,,,,,,,,,,,,,,,,,,,,,,,,,,,,,,,,,,,,,,,,,,,,,,,,,,,,,,,,,,,,,,,,,,,,,,,,,,,,,
202,,,,,,,,,,,,,,,,,,,,,,,,,,,,,,,,,,,,,,,,,,,,,,,,,,,,,,,,,,,,,,,,,,,,,,,,,,,,,,,,,,,,,,,,,,,,,,,,,,,,,,,,,,,,,,,,,,,,,,,,,,,,,,,,,,,,,,,,,,,,,,,,,,,,,,,,,,,,,,,,,,,,,,
203,,,,,,,,,,,,,,,,,,,,,,,,,,,,,,,,,,,,,,,,,,,,,,,,,,,,,,,,,,,,,,,,,,,,,,,,,,,,,,,,,,,,,,,,,,,,,,,,,,,,,,,,,,,,,,,,,,,,,,,,,,,,,,,,,,,,,,,,,,,,,,,,,,,,,,,,,,,,,,,,,,,,,,
204,,,,,,,,,,,,,,,,,,,,,,,,,,,,,,,,,,,,,,,,,,,,,,,,,,,,,,,,,,,,,,,,,,,,,,,,,,,,,,,,,,,,,,,,,,,,,,,,,,,,,,,,,,,,,,,,,,,,,,,,,,,,,,,,,,,,,,,,,,,,,,,,,,,,,,,,,,,,,,,,,,,,,,
205,,,,,,,,,,,,,,,,,,,,,,,,,,,,,,,,,,,,,,,,,,,,,,,,,,,,,,,,,,,,,,,,,,,,,,,,,,,,,,,,,,,,,,,,,,,,,,,,,,,,,,,,,,,,,,,,,,,,,,,,,,,,,,,,,,,,,,,,,,,,,,,,,,,,,,,,,,,,,,,,,,,,,,
206,,,,,,,,,,,,,,,,,,,,,,,,,,,,,,,,,,,,,,,,,,,,,,,,,,,,,,,,,,,,,,,,,,,,,,,,,,,,,,,,,,,,,,,,,,,,,,,,,,,,,,,,,,,,,,,,,,,,,,,,,,,,,,,,,,,,,,,,,,,,,,,,,,,,,,,,,,,,,,,,,,,,,,
207,,,,,,,,,,,,,,,,,,,,,,,,,,,,,,,,,,,,,,,,,,,,,,,,,,,,,,,,,,,,,,,,,,,,,,,,,,,,,,,,,,,,,,,,,,,,,,,,,,,,,,,,,,,,,,,,,,,,,,,,,,,,,,,,,,,,,,,,,,,,,,,,,,,,,,,,,,,,,,,,,,,,,,
208,,,,,,,,,,,,,,,,,,,,,,,,,,,,,,,,,,,,,,,,,,,,,,,,,,,,,,,,,,,,,,,,,,,,,,,,,,,,,,,,,,,,,,,,,,,,,,,,,,,,,,,,,,,,,,,,,,,,,,,,,,,,,,,,,,,,,,,,,,,,,,,,,,,,,,,,,,,,,,,,,,,,,,
209,,,,,,,,,,,,,,,,,,,,,,,,,,,,,,,,,,,,,,,,,,,,,,,,,,,,,,,,,,,,,,,,,,,,,,,,,,,,,,,,,,,,,,,,,,,,,,,,,,,,,,,,,,,,,,,,,,,,,,,,,,,,,,,,,,,,,,,,,,,,,,,,,,,,,,,,,,,,,,,,,,,,,,
210,,,,,,,,,,,,,,,,,,,,,,,,,,,,,,,,,,,,,,,,,,,,,,,,,,,,,,,,,,,,,,,,,,,,,,,,,,,,,,,,,,,,,,,,,,,,,,,,,,,,,,,,,,,,,,,,,,,,,,,,,,,,,,,,,,,,,,,,,,,,,,,,,,,,,,,,,,,,,,,,,,,,,,
211,,,,,,,,,,,,,,,,,,,,,,,,,,,,,,,,,,,,,,,,,,,,,,,,,,,,,,,,,,,,,,,,,,,,,,,,,,,,,,,,,,,,,,,,,,,,,,,,,,,,,,,,,,,,,,,,,,,,,,,,,,,,,,,,,,,,,,,,,,,,,,,,,,,,,,,,,,,,,,,,,,,,,,
212,,,,,,,,,,,,,,,,,,,,,,,,,,,,,,,,,,,,,,,,,,,,,,,,,,,,,,,,,,,,,,,,,,,,,,,,,,,,,,,,,,,,,,,,,,,,,,,,,,,,,,,,,,,,,,,,,,,,,,,,,,,,,,,,,,,,,,,,,,,,,,,,,,,,,,,,,,,,,,,,,,,,,,
213,,,,,,,,,,,,,,,,,,,,,,,,,,,,,,,,,,,,,,,,,,,,,,,,,,,,,,,,,,,,,,,,,,,,,,,,,,,,,,,,,,,,,,,,,,,,,,,,,,,,,,,,,,,,,,,,,,,,,,,,,,,,,,,,,,,,,,,,,,,,,,,,,,,,,,,,,,,,,,,,,,,,,,
214,,,,,,,,,,,,,,,,,,,,,,,,,,,,,,,,,,,,,,,,,,,,,,,,,,,,,,,,,,,,,,,,,,,,,,,,,,,,,,,,,,,,,,,,,,,,,,,,,,,,,,,,,,,,,,,,,,,,,,,,,,,,,,,,,,,,,,,,,,,,,,,,,,,,,,,,,,,,,,,,,,,,,,
215,,,,,,,,,,,,,,,,,,,,,,,,,,,,,,,,,,,,,,,,,,,,,,,,,,,,,,,,,,,,,,,,,,,,,,,,,,,,,,,,,,,,,,,,,,,,,,,,,,,,,,,,,,,,,,,,,,,,,,,,,,,,,,,,,,,,,,,,,,,,,,,,,,,,,,,,,,,,,,,,,,,,,,
216,,,,,,,,,,,,,,,,,,,,,,,,,,,,,,,,,,,,,,,,,,,,,,,,,,,,,,,,,,,,,,,,,,,,,,,,,,,,,,,,,,,,,,,,,,,,,,,,,,,,,,,,,,,,,,,,,,,,,,,,,,,,,,,,,,,,,,,,,,,,,,,,,,,,,,,,,,,,,,,,,,,,,,
217,,,,,,,,,,,,,,,,,,,,,,,,,,,,,,,,,,,,,,,,,,,,,,,,,,,,,,,,,,,,,,,,,,,,,,,,,,,,,,,,,,,,,,,,,,,,,,,,,,,,,,,,,,,,,,,,,,,,,,,,,,,,,,,,,,,,,,,,,,,,,,,,,,,,,,,,,,,,,,,,,,,,,,
218,,,,,,,,,,,,,,,,,,,,,,,,,,,,,,,,,,,,,,,,,,,,,,,,,,,,,,,,,,,,,,,,,,,,,,,,,,,,,,,,,,,,,,,,,,,,,,,,,,,,,,,,,,,,,,,,,,,,,,,,,,,,,,,,,,,,,,,,,,,,,,,,,,,,,,,,,,,,,,,,,,,,,,
219,,,,,,,,,,,,,,,,,,,,,,,,,,,,,,,,,,,,,,,,,,,,,,,,,,,,,,,,,,,,,,,,,,,,,,,,,,,,,,,,,,,,,,,,,,,,,,,,,,,,,,,,,,,,,,,,,,,,,,,,,,,,,,,,,,,,,,,,,,,,,,,,,,,,,,,,,,,,,,,,,,,,,,
220,,,,,,,,,,,,,,,,,,,,,,,,,,,,,,,,,,,,,,,,,,,,,,,,,,,,,,,,,,,,,,,,,,,,,,,,,,,,,,,,,,,,,,,,,,,,,,,,,,,,,,,,,,,,,,,,,,,,,,,,,,,,,,,,,,,,,,,,,,,,,,,,,,,,,,,,,,,,,,,,,,,,,,
221,,,,,,,,,,,,,,,,,,,,,,,,,,,,,,,,,,,,,,,,,,,,,,,,,,,,,,,,,,,,,,,,,,,,,,,,,,,,,,,,,,,,,,,,,,,,,,,,,,,,,,,,,,,,,,,,,,,,,,,,,,,,,,,,,,,,,,,,,,,,,,,,,,,,,,,,,,,,,,,,,,,,,,
222,,,,,,,,,,,,,,,,,,,,,,,,,,,,,,,,,,,,,,,,,,,,,,,,,,,,,,,,,,,,,,,,,,,,,,,,,,,,,,,,,,,,,,,,,,,,,,,,,,,,,,,,,,,,,,,,,,,,,,,,,,,,,,,,,,,,,,,,,,,,,,,,,,,,,,,,,,,,,,,,,,,,,,
223,,,,,,,,,,,,,,,,,,,,,,,,,,,,,,,,,,,,,,,,,,,,,,,,,,,,,,,,,,,,,,,,,,,,,,,,,,,,,,,,,,,,,,,,,,,,,,,,,,,,,,,,,,,,,,,,,,,,,,,,,,,,,,,,,,,,,,,,,,,,,,,,,,,,,,,,,,,,,,,,,,,,,,
224,,,,,,,,,,,,,,,,,,,,,,,,,,,,,,,,,,,,,,,,,,,,,,,,,,,,,,,,,,,,,,,,,,,,,,,,,,,,,,,,,,,,,,,,,,,,,,,,,,,,,,,,,,,,,,,,,,,,,,,,,,,,,,,,,,,,,,,,,,,,,,,,,,,,,,,,,,,,,,,,,,,,,,
225,,,,,,,,,,,,,,,,,,,,,,,,,,,,,,,,,,,,,,,,,,,,,,,,,,,,,,,,,,,,,,,,,,,,,,,,,,,,,,,,,,,,,,,,,,,,,,,,,,,,,,,,,,,,,,,,,,,,,,,,,,,,,,,,,,,,,,,,,,,,,,,,,,,,,,,,,,,,,,,,,,,,,,
226,,,,,,,,,,,,,,,,,,,,,,,,,,,,,,,,,,,,,,,,,,,,,,,,,,,,,,,,,,,,,,,,,,,,,,,,,,,,,,,,,,,,,,,,,,,,,,,,,,,,,,,,,,,,,,,,,,,,,,,,,,,,,,,,,,,,,,,,,,,,,,,,,,,,,,,,,,,,,,,,,,,,,,
227,,,,,,,,,,,,,,,,,,,,,,,,,,,,,,,,,,,,,,,,,,,,,,,,,,,,,,,,,,,,,,,,,,,,,,,,,,,,,,,,,,,,,,,,,,,,,,,,,,,,,,,,,,,,,,,,,,,,,,,,,,,,,,,,,,,,,,,,,,,,,,,,,,,,,,,,,,,,,,,,,,,,,,
228,,,,,,,,,,,,,,,,,,,,,,,,,,,,,,,,,,,,,,,,,,,,,,,,,,,,,,,,,,,,,,,,,,,,,,,,,,,,,,,,,,,,,,,,,,,,,,,,,,,,,,,,,,,,,,,,,,,,,,,,,,,,,,,,,,,,,,,,,,,,,,,,,,,,,,,,,,,,,,,,,,,,,,
229,,,,,,,,,,,,,,,,,,,,,,,,,,,,,,,,,,,,,,,,,,,,,,,,,,,,,,,,,,,,,,,,,,,,,,,,,,,,,,,,,,,,,,,,,,,,,,,,,,,,,,,,,,,,,,,,,,,,,,,,,,,,,,,,,,,,,,,,,,,,,,,,,,,,,,,,,,,,,,,,,,,,,,
230,,,,,,,,,,,,,,,,,,,,,,,,,,,,,,,,,,,,,,,,,,,,,,,,,,,,,,,,,,,,,,,,,,,,,,,,,,,,,,,,,,,,,,,,,,,,,,,,,,,,,,,,,,,,,,,,,,,,,,,,,,,,,,,,,,,,,,,,,,,,,,,,,,,,,,,,,,,,,,,,,,,,,,
231,,,,,,,,,,,,,,,,,,,,,,,,,,,,,,,,,,,,,,,,,,,,,,,,,,,,,,,,,,,,,,,,,,,,,,,,,,,,,,,,,,,,,,,,,,,,,,,,,,,,,,,,,,,,,,,,,,,,,,,,,,,,,,,,,,,,,,,,,,,,,,,,,,,,,,,,,,,,,,,,,,,,,,
232,,,,,,,,,,,,,,,,,,,,,,,,,,,,,,,,,,,,,,,,,,,,,,,,,,,,,,,,,,,,,,,,,,,,,,,,,,,,,,,,,,,,,,,,,,,,,,,,,,,,,,,,,,,,,,,,,,,,,,,,,,,,,,,,,,,,,,,,,,,,,,,,,,,,,,,,,,,,,,,,,,,,,,
233,,,,,,,,,,,,,,,,,,,,,,,,,,,,,,,,,,,,,,,,,,,,,,,,,,,,,,,,,,,,,,,,,,,,,,,,,,,,,,,,,,,,,,,,,,,,,,,,,,,,,,,,,,,,,,,,,,,,,,,,,,,,,,,,,,,,,,,,,,,,,,,,,,,,,,,,,,,,,,,,,,,,,,
234,,,,,,,,,,,,,,,,,,,,,,,,,,,,,,,,,,,,,,,,,,,,,,,,,,,,,,,,,,,,,,,,,,,,,,,,,,,,,,,,,,,,,,,,,,,,,,,,,,,,,,,,,,,,,,,,,,,,,,,,,,,,,,,,,,,,,,,,,,,,,,,,,,,,,,,,,,,,,,,,,,,,,,
235,,,,,,,,,,,,,,,,,,,,,,,,,,,,,,,,,,,,,,,,,,,,,,,,,,,,,,,,,,,,,,,,,,,,,,,,,,,,,,,,,,,,,,,,,,,,,,,,,,,,,,,,,,,,,,,,,,,,,,,,,,,,,,,,,,,,,,,,,,,,,,,,,,,,,,,,,,,,,,,,,,,,,,
236,,,,,,,,,,,,,,,,,,,,,,,,,,,,,,,,,,,,,,,,,,,,,,,,,,,,,,,,,,,,,,,,,,,,,,,,,,,,,,,,,,,,,,,,,,,,,,,,,,,,,,,,,,,,,,,,,,,,,,,,,,,,,,,,,,,,,,,,,,,,,,,,,,,,,,,,,,,,,,,,,,,,,,
237,,,,,,,,,,,,,,,,,,,,,,,,,,,,,,,,,,,,,,,,,,,,,,,,,,,,,,,,,,,,,,,,,,,,,,,,,,,,,,,,,,,,,,,,,,,,,,,,,,,,,,,,,,,,,,,,,,,,,,,,,,,,,,,,,,,,,,,,,,,,,,,,,,,,,,,,,,,,,,,,,,,,,,
238,,,,,,,,,,,,,,,,,,,,,,,,,,,,,,,,,,,,,,,,,,,,,,,,,,,,,,,,,,,,,,,,,,,,,,,,,,,,,,,,,,,,,,,,,,,,,,,,,,,,,,,,,,,,,,,,,,,,,,,,,,,,,,,,,,,,,,,,,,,,,,,,,,,,,,,,,,,,,,,,,,,,,,
239,,,,,,,,,,,,,,,,,,,,,,,,,,,,,,,,,,,,,,,,,,,,,,,,,,,,,,,,,,,,,,,,,,,,,,,,,,,,,,,,,,,,,,,,,,,,,,,,,,,,,,,,,,,,,,,,,,,,,,,,,,,,,,,,,,,,,,,,,,,,,,,,,,,,,,,,,,,,,,,,,,,,,,
240,,,,,,,,,,,,,,,,,,,,,,,,,,,,,,,,,,,,,,,,,,,,,,,,,,,,,,,,,,,,,,,,,,,,,,,,,,,,,,,,,,,,,,,,,,,,,,,,,,,,,,,,,,,,,,,,,,,,,,,,,,,,,,,,,,,,,,,,,,,,,,,,,,,,,,,,,,,,,,,,,,,,,,
241,,,,,,,,,,,,,,,,,,,,,,,,,,,,,,,,,,,,,,,,,,,,,,,,,,,,,,,,,,,,,,,,,,,,,,,,,,,,,,,,,,,,,,,,,,,,,,,,,,,,,,,,,,,,,,,,,,,,,,,,,,,,,,,,,,,,,,,,,,,,,,,,,,,,,,,,,,,,,,,,,,,,,,
242,,,,,,,,,,,,,,,,,,,,,,,,,,,,,,,,,,,,,,,,,,,,,,,,,,,,,,,,,,,,,,,,,,,,,,,,,,,,,,,,,,,,,,,,,,,,,,,,,,,,,,,,,,,,,,,,,,,,,,,,,,,,,,,,,,,,,,,,,,,,,,,,,,,,,,,,,,,,,,,,,,,,,,
243,,,,,,,,,,,,,,,,,,,,,,,,,,,,,,,,,,,,,,,,,,,,,,,,,,,,,,,,,,,,,,,,,,,,,,,,,,,,,,,,,,,,,,,,,,,,,,,,,,,,,,,,,,,,,,,,,,,,,,,,,,,,,,,,,,,,,,,,,,,,,,,,,,,,,,,,,,,,,,,,,,,,,,
244,,,,,,,,,,,,,,,,,,,,,,,,,,,,,,,,,,,,,,,,,,,,,,,,,,,,,,,,,,,,,,,,,,,,,,,,,,,,,,,,,,,,,,,,,,,,,,,,,,,,,,,,,,,,,,,,,,,,,,,,,,,,,,,,,,,,,,,,,,,,,,,,,,,,,,,,,,,,,,,,,,,,,,
245,,,,,,,,,,,,,,,,,,,,,,,,,,,,,,,,,,,,,,,,,,,,,,,,,,,,,,,,,,,,,,,,,,,,,,,,,,,,,,,,,,,,,,,,,,,,,,,,,,,,,,,,,,,,,,,,,,,,,,,,,,,,,,,,,,,,,,,,,,,,,,,,,,,,,,,,,,,,,,,,,,,,,,
246,,,,,,,,,,,,,,,,,,,,,,,,,,,,,,,,,,,,,,,,,,,,,,,,,,,,,,,,,,,,,,,,,,,,,,,,,,,,,,,,,,,,,,,,,,,,,,,,,,,,,,,,,,,,,,,,,,,,,,,,,,,,,,,,,,,,,,,,,,,,,,,,,,,,,,,,,,,,,,,,,,,,,,
247,,,,,,,,,,,,,,,,,,,,,,,,,,,,,,,,,,,,,,,,,,,,,,,,,,,,,,,,,,,,,,,,,,,,,,,,,,,,,,,,,,,,,,,,,,,,,,,,,,,,,,,,,,,,,,,,,,,,,,,,,,,,,,,,,,,,,,,,,,,,,,,,,,,,,,,,,,,,,,,,,,,,,,
248,,,,,,,,,,,,,,,,,,,,,,,,,,,,,,,,,,,,,,,,,,,,,,,,,,,,,,,,,,,,,,,,,,,,,,,,,,,,,,,,,,,,,,,,,,,,,,,,,,,,,,,,,,,,,,,,,,,,,,,,,,,,,,,,,,,,,,,,,,,,,,,,,,,,,,,,,,,,,,,,,,,,,,
249,,,,,,,,,,,,,,,,,,,,,,,,,,,,,,,,,,,,,,,,,,,,,,,,,,,,,,,,,,,,,,,,,,,,,,,,,,,,,,,,,,,,,,,,,,,,,,,,,,,,,,,,,,,,,,,,,,,,,,,,,,,,,,,,,,,,,,,,,,,,,,,,,,,,,,,,,,,,,,,,,,,,,,
